account_id,segment,plan,tenure_months,seats,mrr_usd,logins_last_90d,support_tickets_90d,days_since_last_login,nps_score,renewal_date,churned,cancellation_reason
ACC-10000,SMB,Standard,27,15,$200.83,48,2,43,9,Mar 2027,0,
ACC-10001,Mid-Market,Standard,38,31,254.44,8,0,47,3,2027-02-14,1,missing feature
ACC-10002,SMB,Enterprise,47,2,1366.33,53,0,14,5,2026-05-27,0,
ACC-10003,SMB,Basic,10,11,$73.02,12,4,0,10,02/13/2026,0,
ACC-10004,SMB,Basic,16,75,132.76,3,3,62,3,06-Jun-2026,1,
ACC-10005,Mid-Market,Basic,1,4,51.66,22,2,20,7,07-Jun-2026,0,
ACC-10006,Enterprise,Premium,40,11,$603.35,97,4,0, ,06-Mar-2027,0,
ACC-10007,Mid-Market, Premium,17,17,597.57,39,1,19,7,20-Jun-2026,0,
ACC-10008,SMB,Standard,11,66,$439.80,52,1,16,7,2027-04-14,0,
ACC-10009,SMB,Enterprise,45,18,"$2,067.68",43,0,7,10,Sep 2026,0,
ACC-10010,Mid-Market,Standard,44,3,$151.09,null,1,10,4,2026-04-27,0,
ACC-10011,SMB,Standard,32,1,$163.98,34,0,4,4,2026-12-11,0,
ACC-10012,Mid-Market,Standard,40,2,$178.43,28,0,17,10,14-Jul-2026,0,
ACC-10013,SMB,Basic,12,2,61.37,3,2,10,5,02/07/2027,0,
ACC-10014,SMB,Premium,39,115,"$1,341.75",25,0,19,6,04-Mar-2027,0,
ACC-10015,SMB,Standard,8,10,180.82,20,2,4,null,01/07/2026,1,switched vendor
ACC-10016,Enterprise, Enterprise,55,5,"$1,400.71",61,4,29,8,11-Aug-2026,0,
ACC-10017,Mid-Market,Enterprise,6,7,"$1,577.65",45,1,71,3,Jul 2026,1,price
ACC-10018,SMB,Premium,26,3,389.49,29,3,14,9,2026-11-01,0,
ACC-10019,SMB,Enterprise,21,20,1568.01,null,7,4,9,2026-12-26,0,
ACC-10020,Enterprise,Standard,27,38,319.80,30,4,59,4,05/01/2027,1,budget cut
ACC-10021,Mid-Market,Standard,25,14,$221.56,27,3,2,6,2026-09-27,0,
ACC-10022,Enterprise,Standard,21,22,235.12,27,2,15,9,Mar 2026,0,
ACC-10023,Mid-Market,Premium,4,16,$644.79,61,0,17,6,07/11/2026,0,
ACC-10024,Mid-Market,Standard,21,26,271.35,12,2,12,10,21-Apr-2026,0,
ACC-10025,SMB,Enterprise,54,2,"$1,240.50",4,1,17,6,2026-07-30,1,price
ACC-10026,Mid-Market,Basic,55,17,68.59,0,6,0,7,27-May-2027,0,
ACC-10027,Mid-Market,Enterprise,8,4,1509.44,45,2,7,7,2026-06-05,0,
ACC-10028,Mid-Market,Premium,59,29,628.02,4,1,4, ,2026-04-03,0,
ACC-10029,smb,Basic,10,11,60.92,0,1,3,7,Mar 2026,0,
ACC-10030,SMB,Basic,10,16,64.99,0,1,5,9,2027-02-11,0,
ACC-10031,SMB,Standard,14,17,202.75, ,5,16,6,01/27/2027,0,
ACC-10032,SMB,Standard,6,30,285.08,35,4,7,5,05-Jun-2027,0,
ACC-10033,SMB,Standard,26,9,171.81,30,0,18,10,May 2026,0,
ACC-10034,Mid-Market,Premium,12,7,485.07,28,0,7,5,02-Jul-2026,0,
ACC-10035,SMB,Premium,14,2,433.30,49,8,6,7,Apr 2027,0,
ACC-10036,Mid-Market,Premium,21,1,433.11,37,5,28,3,2027-04-28,0,
ACC-10037,Mid-Market,Standard,23,29,284.67,21,5,2,4,Feb 2026,1,budget cut
ACC-10038,Mid-Market,Basic,21,25,$92.03,5,0,2,5,01/07/2027,0,
ACC-10039,SMB,Basic,43,2,$55.20,8,2,11,6,Oct 2026,1,price
ACC-10040,SMB,Premium,1,31,684.73,49,1,49,7,07-Feb-2027,0,
ACC-10041,Mid-Market,Standard,45,7,199.54,,0,12,9,10-Oct-2026,0,
ACC-10042,Enterprise,Basic,3,19,$64.02,16,1,32,null,Oct 2026,1,budget cut
ACC-10043,SMB,Basic,18,2,50.09,8,0,7,6,30-Dec-2026,0,
ACC-10044,SMB,Basic,18,19,69.39,11,3,14,null,11/09/2026,0,
ACC-10045,Enterprise,Standard,29,51,300.46,62,0,15,10,Sep 2026,0,
ACC-10046,Enterprise, Standard,29,13,199.90,68,2,32,7,Oct 2026,0,
ACC-10047,SMB,Basic,56,5,$62.08,21,0,26,,Aug 2026,0,
ACC-10048,SMB,Standard,9,23,$222.67,34,0,1,10,Mar 2026,0,
ACC-10049,Mid-Market,Premium,59,14,562.56,33,0,7,6,22-May-2027,0,
ACC-10050,Mid-Market,Basic,24,5,52.60,4,0,1,-,2026-08-08,0,
ACC-10051,Mid-Market,Enterprise,48,7,1650.56,49,0,15,8,2026-04-10,0,
ACC-10052,SMB,Basic,14,35,78.22,16,3,4,,Aug 2026,0,
ACC-10053,SMB,Basic,32,10,$68.66,14,1,31,5,Nov 2026,1,budget cut
ACC-10054,SMB,Basic,10,15,$75.34,23,1,15,7,05/12/2027,0,
ACC-10055,SMB,Premium,480,17,675.89,21,0,7,10,12/31/2026,0,
ACC-10056,SMB,Standard,16,3,188.92,93,0,18,7,02/24/2026,0,
ACC-10057,SMB,Basic,42,3,$55.59,10,1,16,7,Nov 2026,0,
ACC-10058,Enterprise,Standard,24,17,225.26,16,2,15,n/a,May 2026,0,
ACC-10059,SMB,Enterprise,11,7,1357.68,32,1,11,8,Mar 2027,0,
ACC-10060,Enterprise,Basic,48,153,259.90,12,2,9,3,2026-01-22,1,budget cut
ACC-10061,Mid-Market,Standard,4,16,241.04,9,2,55,4,05/09/2026,1,missing feature
ACC-10062,SMB,Standard,2,4,179.69,62,1,3,2,12/03/2026,0,
ACC-10063,SMB,Basic,72,11,69.28, ,2,8,8,03/07/2026,0,
ACC-10064,SMB,Premium,3,7,402.07,25,1,32,4,01/22/2027,1,price
ACC-10065,SMB,PREMIUM,23,56,"$1,018.44",42,1,26,7,2026-12-07,0,
ACC-10066,SMB,Standard,41,12,$223.42,43,5,27,-,2026-03-12,1,budget cut
ACC-10067,Mid-Market,Basic,32,11,74.65,17,3,17,8,May 2027,1,switched vendor
ACC-10068,Mid-Market,Basic,10,5,47.55,30,0,40,10,2027-01-03,1,price
ACC-10069,Mid-Market,Premium,8,6,508.30,n/a,0,0,7,01-Feb-2027,1,price
ACC-10070,SMB,Standard,23,8,$163.35,10,2,1,8,15-Oct-2026,0,
ACC-10071,Mid-Market,Standard,13,16,$224.45,47,1,11,N/A,20-Jan-2027,0,
ACC-10072,Mid-Market,Basic,48,9,$53.53,19,1,3,5,04/06/2026,0,
ACC-10073,SMB,Standard,24,2,$181.45,76,1,6,5,Aug 2026,0,
ACC-10074,Mid-Market,Basic,43,14,$72.97,15,3,7,N/A,24-Apr-2027,0,
ACC-10075,Mid-Market,Standard,24,8,163.91,19,3,23,7,Sep 2026,0,
ACC-10076,Mid-Market,Premium,61,1,373.19,37,1,0,2,Apr 2027,0,
ACC-10077,SMB,Basic,17,6,$62.46,16,3,11,3,2027-05-28,0,
ACC-10078,SMB ,Premium,16,2,$468.09,12,2,7,6,2027-02-10,0,
ACC-10079,SMB,Standard,1,3,190.64,70,1,10,-,09/30/2026,0,
ACC-10080,SMB,Premium,40,78,"$1,278.73",39,2,24,5,04-Jan-2026,0,
ACC-10081,Mid-Market,Enterprise,33,2,1509.39,30,0,8,8,2026-06-10,0,
ACC-10082,SMB,Premium,21,3,493.52,65,2,1,4,04/24/2027,0,
ACC-10083,Mid-Market,Standard,18,7,182.46,28,0,32,N/A,2026-12-08,0,
ACC-10084,SMB,Standard,18,2,$143.03,41,7,0,10,2026-01-19,0,
ACC-10085,SMB,Basic,19,5,$60.15,3,0,37,8,Apr 2026,1,switched vendor
ACC-10086,SMB,Basic,39,11,62.84,2,2,35,5,Oct 2026,1,budget cut
ACC-10087,Enterprise,Premium,18,28,$806.07,24,7,17,5,Feb 2027,0,
ACC-10088,SMB,Basic,17,48,98.14,5,0,25,10,04/11/2027,0,
ACC-10089,SMB,Standard,20,65,$332.63,4,0,45,10,2026-05-15,0,
ACC-10090,smb,PREMIUM,30,6,425.42,53,0,23,3,Jun 2027,0,
ACC-10091,Mid-Market,Basic,1,44,116.37,16,0,41,5,Feb 2027,1,switched vendor
ACC-10092,SMB,Basic,23,15,58.57,14,3,6,n/a,Jun 2027,0,
ACC-10093,SMB,Basic,41,13,68.78,12,0,28,5,01-Aug-2026,0,
ACC-10094,SMB,Standard,28,18,$231.58,32,4,6,9,05/02/2027,0,
ACC-10095,Mid-Market,Premium,3,70,"$1,260.21",17,2,1,10,2026-07-16,0,
ACC-10096,SMB,Enterprise,2,6,1514.84,44,4,2,5,2026-01-12,0,
ACC-10097,smb, Basic,18,38,95.53,16,1,41,4,05/06/2027,1,switched vendor
ACC-10098,Mid-Market,Premium,39,10,496.38,36,1,7,null,2026-03-25,0,
ACC-10099,Mid-Market,Standard,10,11,null,23,0,24, ,30-Jul-2026,1,budget cut
ACC-10100,SMB,Premium,25,8,536.22,17,1,18,10,2026-12-21,0,
ACC-10101,SMB,Standard,1,13,187.69,61,1,0,null,Jul 2026,0,
ACC-10102,SMB, Basic,39,4,$53.30,7,4,1,9,12/25/2026,0,
ACC-10103,SMB,Standard,21,40,304.42,42,5,4,4,2027-06-02,1,
ACC-10104,Mid-Market,Standard,17,6,$188.91,26,3,6,5,May 2027,0,
ACC-10105,SMB,Basic,39,7,56.33,3,0,59,8,2026-10-10,1,missing feature
ACC-10106,Mid-Market, Premium,20,16,$511.51,76,1,20,4,Mar 2027,0,
ACC-10107,SMB,Standard,33,9,195.81,34,3,18,4,05/03/2026,0,
ACC-10108,Enterprise,STANDARD,30,57,360.82,25,7,24,5,Jun 2026,1,switched vendor
ACC-10109, SMB,Standard,41,4,150.05,23,0,7,1,07/02/2026,0,
ACC-10110,smb,Basic,33,12,$58.58,16,1,1,5,31-Dec-2026,0,
ACC-10111,Enterprise,Standard,20,5,$199.30,57,1,10,10,2026-03-02,0,
ACC-10112,SMB,Basic,24,10,$61.92,22,2,16,2,07/31/2026,0,
ACC-10113,SMB,Basic,29,2,46.52,9,0,3,2,Nov 2026,1,missing feature
ACC-10114,SMB,Premium,39,26,667.89,33,7,4,7,May 2026,0,
ACC-10115,Mid-Market,Standard,43,11,$184.89,33,1,27,9,24-Jun-2026,0,
ACC-10116,SMB,Standard,24,9,$170.17,39,1,12,6,02/24/2027,0,
ACC-10117,mid-market,Basic,27,51,$120.08,13,5,6,6,01-Oct-2026,0,
ACC-10118,SMB,Basic,38,24,72.99,18,0,6,6,06-Jun-2026,0,
ACC-10119,SMB,Basic,29,24,79.22,21,0,9,10,2026-04-13,0,
ACC-10120,Mid-Market,Basic,20,7,$68.95,18,1,19,7,2027-05-26,0,
ACC-10121,Mid-Market,Premium,24,24,$686.81,28,0,0,null,May 2027,0,
ACC-10122,smb,Basic,30,19,$77.58,25,0,7,5,04-Apr-2026,0,
ACC-10123,SMB,Standard,16,3,$187.28,68,2,8,,09/16/2026,0,
ACC-10124,SMB,Premium,14,2,455.39,23,2,14,null,05/20/2026,0,
ACC-10125,Mid-Market,Basic,1,7,49.24,9,0,9,5,04/10/2026,0,
ACC-10126,SMB,Basic,27,9,70.57,7,1,24,6,05-Apr-2026,1,budget cut
ACC-10127,Mid-Market,Standard,20,43,$280.26,62,2,0,8,Dec 2026,0,
ACC-10128,Mid-Market,Premium,18,37,714.35,66,0,35,7,2026-11-05,0,
ACC-10129,SMB,Basic,20,2,59.63,1,1,11,10,Sep 2026,0,
ACC-10130,SMB,Basic,8,12,72.09,14,0,49,7,11/13/2026,1,switched vendor
ACC-10131,SMB,Premium,18,1,450.11,19,0,0,5,08-Nov-2026,0,
ACC-10132, SMB,Basic,21,3,49.33,0,0,2,7,2027-06-18,0,
ACC-10133,SMB,Premium,15,1,,52,0,12,7,May 2027,0,
ACC-10134,SMB,Basic,42,15,79.49,18,4,20,N/A,03-Jun-2027,1,switched vendor
ACC-10135,SMB,Basic,46,5,65.40,11,2,56,10,05/25/2027,0,
ACC-10136,Mid-Market,STANDARD,33,10,$202.09,52,2,10,5,19-Oct-2026,0,
ACC-10137,Mid-Market,Standard,34,11,$206.33,24,1,12,4,Jan 2026,0,
ACC-10138,SMB,Premium,41,5,424.06,45,0,22,9,23-Jun-2026,0,
ACC-10139,Mid-Market,Standard,33,17,230.71,17,2,23,10,08-Jul-2026,0,
ACC-10140,SMB,Basic,7,6,52.39,14,0,9,9,Nov 2026,0,
ACC-10141,SMB,Enterprise,37,2,N/A,50,1,6, ,Jun 2026,0,
ACC-10142,SMB,Basic,1,2,$50.42,6,5,24,6,26-Mar-2027,1,switched vendor
ACC-10143,SMB,Premium,13,46,$837.43,29,2,42,8,Jan 2026,1,missing feature
ACC-10144,SMB,Premium,35,5,$411.20,15,1,7,n/a,01-Dec-2026,0,
ACC-10145,SMB,Standard ,7,11,182.93,18,0,20,9,2026-05-13,0,
ACC-10146,SMB,Premium,19,6,459.49,17,0,2,10,04/05/2027,0,
ACC-10147,Mid-Market,Standard,38,11,186.14,27,0,69,6,01-Sep-2026,1,
ACC-10148,Enterprise,Standard,18,15,189.81,24,0,0,7,06/24/2026,0,
ACC-10149,Mid-Market,Standard,7,3,176.49,61,4,13,7,11/07/2026,0,
ACC-10150,Enterprise,basic,54,99,149.15,12,3,2,10,05/30/2026,1,
ACC-10151,SMB,Basic,24,12,61.76,18,0,49,4,11/15/2026,1,
ACC-10152,Mid-Market,Basic,30,9,54.00,6,5,21,10,05-Jul-2026,1,missing feature
ACC-10153,SMB,Basic ,14,10,64.40,1,0,3,5,04/07/2027,0,
ACC-10154,SMB,Standard,16,8,154.92,0,2,12,6,07/02/2026,0,
ACC-10155,Mid-Market,Standard,19,54,369.27,10,6,0,10,12/17/2026,0,
ACC-10156,SMB,PREMIUM,38,8,530.01,27,1,7,4,19-Jan-2026,0,
ACC-10157, SMB,Standard ,11,22,250.28,37,1,29,6,2026-07-30,0,
ACC-10158,SMB,Premium,53,42,$888.51,5,5,25,3,Mar 2027,1,switched vendor
ACC-10159,SMB,Enterprise ,32,32,n/a,55,0,0,3,04/10/2026,0,
ACC-10160,SMB,Premium,43,10,$453.12,34,1,17,5,2027-03-02,0,
ACC-10161,Enterprise,Premium,53,18,$540.32,58,2,34,5,05/18/2026,0,
ACC-10162,SMB,Standard,37,6,172.65,29,0,2,4,08/23/2026,0,
ACC-10163,SMB,Premium,43,2,459.60,2,0,41,6,10/09/2026,0,
ACC-10164,SMB,basic,21,18,78.39,19,2,2,8,05/15/2026,0,
ACC-10165,SMB,Premium,29,10,$469.11,60,0,33,9,Feb 2027,0,
ACC-10166,SMB,Basic,30,5,48.74,27,2,7,9,16-Jun-2027,0,
ACC-10167,enterprise,Standard,33,1,164.99,60,3,45,4,01/18/2026,1,
ACC-10168,Mid-Market,Standard,1,7,203.48,38,2,1,6,2026-12-10,0,
ACC-10169,SMB,Standard,26,48,328.28,0,1,6,9,02/28/2027,1,switched vendor
ACC-10170,Enterprise,Basic,11,16,68.36,9,2,16, ,Feb 2026,1,budget cut
ACC-10171,SMB,Basic,32,10,63.04,20,0,11,8,08/10/2026,0,
ACC-10172,SMB,Enterprise,20,3,1535.29,10,0,30,3,Sep 2026,0,
ACC-10173,Mid-Market,Enterprise,27,5,1503.52,54,3,30,2,2026-09-21,0,
ACC-10174,SMB,Enterprise,49,15,1572.11,0,0,56,-,08/17/2026,0,
ACC-10175,SMB,Basic,67,3,$56.92,6,0,49,4,May 2027,1,price
ACC-10176, Mid-Market,Basic,1,24,$77.07,N/A,5,1,9,08/14/2026,0,
ACC-10177,SMB,Basic,23,12,$60.95,N/A,1,79,N/A,02/05/2027,1,price
ACC-10178,Enterprise,Standard,32,2,144.02,73,5,3,7,12-Jun-2026,0,
ACC-10179,MID-MARKET,Standard,40,4,$159.12,66,3,2,9,2026-08-03,0,
ACC-10180,SMB,Premium,24,2,424.83,33,2,54,7,27-Apr-2026,0,
ACC-10181,SMB,Standard,5,56,325.53,59,2,24,N/A,Mar 2027,0,
ACC-10182,Mid-Market,Basic,47,24,$75.45,12,4,14,8,2026-11-11,0,
ACC-10183,SMB,Basic,41,18,-,20,1,1,4,2026-12-18,0,
ACC-10184,SMB,Standard,3,6,204.36,34,4,23,5,Aug 2026,1,budget cut
ACC-10185,Mid-Market,Basic,17,1,51.54,28,2,18,6,10/24/2026,1,budget cut
ACC-10186,ENTERPRISE,Basic,30,18,73.11,19,4,12,4,May 2027,1,price
ACC-10187,SMB,Premium,17,35,$784.39,29,0,19,7,2026-12-17,0,
ACC-10188, SMB,Enterprise,32,1,1179.40,43,0,28,4,Apr 2026,0,
ACC-10189,Mid-Market,Enterprise,25,12,"$1,733.93",38,0,13,6,2026-04-26,0,
ACC-10190,Mid-Market,Enterprise,51,13,1766.26,29,3,21,4,20-Jan-2027,0,
ACC-10191,SMB,standard,29,19,253.90,23,0,19,4,2026-02-13,0,
ACC-10192,SMB,Basic,22,3,60.81,12,4,0,8,Jun 2027,1,
ACC-10193,Enterprise,Standard,51,6,161.56,null,3,8,8,12-Aug-2026,0,
ACC-10194,Mid-Market,standard,16,66,378.52,44,3,3,6,05-Jun-2026,0,
ACC-10195,SMB,Standard,18,19,255.31,47,5,18,6,24-Jul-2026,0,
ACC-10196,Mid-Market,Standard,32,14,$228.70,44,0,0,4,01-Jun-2027,0,
ACC-10197,SMB,Basic,38,36,$108.38,11,1,11,10,2026-08-29,0,
ACC-10198,SMB,Basic,19,7,57.95,23,4,124,7,Feb 2026,1,price
ACC-10199,Mid-Market,Premium,56,6,$436.79,45,0,28,8,06/07/2026,0,
ACC-10200,Mid-Market,Enterprise,18,1,"$1,454.84",59,0,4,4,2027-06-12,0,
ACC-10201,SMB,Basic,35,27,86.49,22,2,0,2,28-Jan-2027,1,price
ACC-10202,Mid-Market,Basic,19,7,52.38,9,1,11,4,2027-03-03,1,missing feature
ACC-10203,Mid-Market,Basic,28,6,$48.75,24,0,3,9,Feb 2026,1,switched vendor
ACC-10204,SMB,Premium,10,34,767.12,42,1,34,8,2026-04-01,0,
ACC-10205,SMB,Basic,36,3,61.72,17,1,28,N/A,2026-03-11,1,
ACC-10206,SMB ,Standard,18,30,$243.55,38,0,9,6,2026-01-25,0,
ACC-10207,SMB,Standard,39,8,$173.42,58,0,0,7,Mar 2027,0,
ACC-10208,Mid-Market,basic,24,13,65.03,3,0,5,5,2027-02-16,0,
ACC-10209,Mid-Market,Standard,17,24,249.58,34,1,3,4,05/29/2027,0,
ACC-10210,SMB,Standard,52,12,216.47,39,2,5,10,2026-05-01,0,
ACC-10211,Enterprise,Basic,9,6,51.17,26,4,0,5,Oct 2026,1,missing feature
ACC-10212,Mid-Market,Basic,16,8,$58.37,15,4,29,5,Mar 2027,1,switched vendor
ACC-10213,Mid-Market,Premium,28,23,636.91,40,1,12,4,24-May-2027,0,
ACC-10214,SMB, Basic,30,45,116.23,4,0,2,9,25-May-2026,1,price
ACC-10215,Mid-Market,standard,4,26,274.24,59,0,12,-,04/26/2026,0,
ACC-10216,Mid-Market,STANDARD,20,20,$194.26,62,2,60,,08/17/2026,0,
ACC-10217,SMB,Basic,28,10,67.61,28,1,3,6,22-Jan-2027,0,
ACC-10218,Enterprise,Enterprise,37,9,1720.05,21,4,1,7,2027-04-13,0,
ACC-10219,MID-MARKET,standard,19,4,173.86,45,1,1,7,Jan 2027,0,
ACC-10220,Enterprise,Premium,21,7,461.67,0,0,28,5,Aug 2026,0,
ACC-10221,Mid-Market,Enterprise,22,13,"$1,485.53",57,2,28,4,11-Jun-2026,0,
ACC-10222,Mid-Market,standard,1,7,179.50,48,0,69,3,May 2026,0,
ACC-10223,SMB,Premium,20,22,$613.71,19,5,3,10,2026-07-02,1,missing feature
ACC-10224,Mid-Market,Premium,42,24,578.10,63,1,3,6,12/29/2026,0,
ACC-10225,SMB,Basic ,18,16,76.37,25,2,33,n/a,11/30/2026,0,
ACC-10226,SMB,Standard,40,13,$189.42,14,1,30,2,2026-05-31,1,missing feature
ACC-10227,SMB,Basic,33,8,58.93,12,6,7,9,20-Oct-2026,0,
ACC-10228,SMB,Basic,1,4,$46.69,29,5,11,10,01-May-2027,0,
ACC-10229,Mid-Market,Standard,16,18,202.97,35,3,8,3,12/17/2026,0,
ACC-10230,SMB,Premium,9,1,$450.34,22,4,34,7,08-Jun-2026,1,missing feature
ACC-10231,Enterprise,Standard,46,27,238.46,48,3,14,5,2026-06-30,0,
ACC-10232,SMB,Enterprise,29,18,"$1,862.13",42,2,4,10,13-May-2026,0,
ACC-10233,smb,Basic,33,15,$59.96,19,2,40,6,14-May-2027,1,price
ACC-10234,SMB,Standard,14,18,223.12,33,2,23,4,05-Jun-2026,1,budget cut
ACC-10235,Mid-Market,Basic,24,20,70.90,8,4,4,n/a,Jun 2027,0,
ACC-10236,SMB,Premium,6,3,448.90,51,0,58,5,05-Apr-2027,0,
ACC-10237,Mid-Market,Premium,28,22,737.99,69,1,11,6,14-Jul-2026,0,
ACC-10238,smb,Basic,27,22,81.70,5,0,34,,24-Jun-2026,0,
ACC-10239,Mid-Market,Premium,1,27,779.64,56,1,1,N/A,04/06/2026,0,
ACC-10240,Mid-Market,Standard,41,7,$162.51,34,5,3,7,2026-05-28,0,
ACC-10241,SMB,Basic,14,7,53.68,3,7,8,10,Jan 2027,0,
ACC-10242,SMB,Basic,4,4,57.40,23,2,20,7,Feb 2027,0,
ACC-10243,Mid-Market,Standard,32,12,184.95,80,2,5,8,04/03/2026,0,
ACC-10244,Mid-Market,Standard,18,41,266.92,34,3,3,7,27-May-2026,0,
ACC-10245,SMB,Basic,46,3,61.22,-,0,37,4,05/16/2027,0,
ACC-10246,SMB,Standard,43,10,158.63,38,2,40,4,02-May-2026,0,
ACC-10247,SMB,Basic,40,2,$50.78,15,0,13,8,02-Apr-2026,0,
ACC-10248,Mid-Market,Standard,13,52,296.08,16,4,23,10,10/10/2026,0,
ACC-10249,enterprise,Standard,19,12,179.80,70,1,39,10,2026-06-28,0,
ACC-10250,SMB,Premium,20,56,"$1,022.87",34,5,97,5,03-May-2026,1,price
ACC-10251,Enterprise,Standard,27,6,151.03,38,0,3,8,11/29/2026,0,
ACC-10252,SMB,Premium,35,4,441.54,52,1,2,5,May 2027,0,
ACC-10253,Mid-Market,Basic,21,4,54.22,16,0,3,6,2026-12-06,0,
ACC-10254,SMB,standard,14,5,$175.45,27,2,53,10,2026-12-14,1,
ACC-10255,SMB ,Enterprise,13,9,1668.45,N/A,0,1,6,Jan 2026,0,
ACC-10256,SMB,Basic,28,5,62.61,8,1,104,10,Mar 2026,1,switched vendor
ACC-10257,Mid-Market,Standard,22,4,186.57,34,5,26,6,2026-04-21,1,missing feature
ACC-10258,SMB,Standard,29,11,221.69,33,3,22,10,06-Mar-2027,0,
ACC-10259,Mid-Market,Standard,37,9,$156.67,45,2,14,4,06/29/2026,0,
ACC-10260,Enterprise,Standard,31,9,$212.76,27,2,3,N/A,04/14/2026,0,
ACC-10261,SMB ,Standard,6,20,230.07,53,1,14,3,02/22/2026,0,
ACC-10262,Enterprise,Enterprise,28,133,5622.94,15,0,53,,Dec 2026,0,
ACC-10263,Mid-Market,Premium,33,2,363.76,49,2,3,10,12/01/2026,0,
ACC-10264,Enterprise,Standard,37,43,$340.22,57,1,1,7,03/05/2027,0,
ACC-10265,SMB,Standard,42,4,194.61,14,4,5,5,10/27/2026,0,
ACC-10266, SMB,Premium,41,61,928.23,67,0,12,4,07/01/2026,0,
ACC-10267,Enterprise,Basic,48,96,155.81,19,1,17,5,May 2026,1,missing feature
ACC-10268,Mid-Market, Enterprise,18,1,"$1,070.24",0,1,29,-,2027-05-07,0,
ACC-10269,Mid-Market,Basic,4,7,58.55,17,2,2,10,May 2026,1,missing feature
ACC-10270,Mid-Market,Basic,29,3,$59.58,19,6,10,4,03/01/2026,1,switched vendor
ACC-10271, Mid-Market,Enterprise,16,25,1734.21,68,1,19,5,2027-01-28,0,
ACC-10272,SMB,Standard,34,4,177.08,19,1,24,5,05/18/2027,0,
ACC-10273,SMB,Standard,20,3,173.23,68,1,18,1,2027-06-22,0,
ACC-10274,SMB,Standard,15,35,257.93,32,0,24,2,2027-03-31,0,
ACC-10275,SMB,Basic,38,55,$138.73,13,7,4,9,06/11/2027,1,
ACC-10276,Enterprise,Standard,26,7,188.86,-,0,0,4,2026-01-04,0,
ACC-10277,Mid-Market,Basic,44,18,64.93,28,0,0,5,2026-12-31,0,
ACC-10278,SMB ,Enterprise,52,8,1286.33,67,0,21,null,2026-05-24,0,
ACC-10279,SMB,Enterprise,1,12,1765.45,-,1,39,4,Feb 2027,0,
ACC-10280,SMB,Basic,4,17,67.09,14,0,17,5,03/21/2027,1,switched vendor
ACC-10281,Mid-Market,Basic,12,6,$52.07,8,0,6,,2026-11-29,1,price
ACC-10282,SMB,Enterprise,11,11,1778.66,35,5,20,7,04/06/2027,0,
ACC-10283,SMB,Basic,50,40,101.85,4,1,3,7,2027-02-01,0,
ACC-10284,smb,Premium,1,10,$553.34,16,5,50,2,2027-05-19,1,price
ACC-10285,Mid-Market,Standard,32,3,185.74,51,0,1,,Mar 2027,0,
ACC-10286,Mid-Market,Standard,41,25,$245.73,20,0,64,6,Sep 2026,1,missing feature
ACC-10287, SMB,Standard,1,46,$307.31,58,1,37,null,Sep 2026,0,
ACC-10288,Mid-Market,Basic,8,20,$77.59,3,5,30,6,04/20/2026,0,
ACC-10289,SMB,Standard,45,5,178.93,53,1,14,-,08-Mar-2027,0,
ACC-10290,SMB,BASIC,22,70,121.75,13,3,32, ,10/12/2026,1,
ACC-10291,Mid-Market,Standard,30,97,575.36,40,7,2,5,May 2027,0,
ACC-10292,SMB,Basic,3,8,$69.40,35,1,21,8,03-Feb-2026,0,
ACC-10293,SMB,Basic,41,4,57.30,6,1,23,8,Feb 2026,1,missing feature
ACC-10294,SMB,Basic,20,13,70.48,N/A,0,31,4,26-Dec-2026,0,
ACC-10295,SMB ,Standard,39,4,142.40,0,2,1,7,10-Aug-2026,0,
ACC-10296,Enterprise,Premium,41,22,$692.77,29,3,10,4,Feb 2027,0,
ACC-10297,Mid-Market,Basic ,18,18,82.59,7,1,40,5,07/26/2026,1,switched vendor
ACC-10298,SMB,Premium,19,14,$513.15,16,6,5,n/a,Jan 2026,1,price
ACC-10299,SMB,Standard,20,1,140.55,53,2,1,6,30-Jan-2026,0,
ACC-10300,SMB,Standard,31,12,180.30,56,8,10,5,08-Jun-2026,0,
ACC-10301,Enterprise,Enterprise,8,17,1998.20,26,0,8,8,19-Apr-2026,0,
ACC-10302,SMB,Standard,57,54,368.28,0,1,36,10,2026-06-30,1,
ACC-10303,SMB,Basic,48,10,65.59,16,8,11,5,06-Feb-2027,1,price
ACC-10304,SMB,STANDARD,22,35,$305.61,49,5,47,7,27-Apr-2026,0,
ACC-10305,SMB,Basic,27,8,52.35,16,5,10,,May 2026,0,
ACC-10306,Mid-Market,Basic,46,6,52.02,12,1,21,N/A,04/11/2026,0,
ACC-10307,SMB,Standard,41,18,$248.15,39,0,7,7,Apr 2026,0,
ACC-10308,SMB,Standard,36,1,$170.28,61,1,13,2,02/11/2027,0,
ACC-10309,SMB,Standard,45,13,$185.80,30,3,18,8,10/25/2026,0,
ACC-10310,SMB,Standard,10,22,$261.33,0,2,20, ,Mar 2027,0,
ACC-10311,SMB ,Basic,40,15,69.69,8,2,43,4,Aug 2026,1,switched vendor
ACC-10312,SMB,Basic,1,18,65.22,11,5,29,4,25-Mar-2026,1,missing feature
ACC-10313,SMB,Enterprise,29,12,"$1,532.50",42,0,14,,20-Jun-2027,0,
ACC-10314,Enterprise,Premium,33,5,424.76,46,3,7,8,01/10/2026,0,
ACC-10315,Enterprise,BASIC,17,3,45.07,N/A,4,23,9,2027-01-05,1,price
ACC-10316,Enterprise,Standard,18,5,$183.17,29,0,0,4,21-May-2027,0,
ACC-10317,SMB ,Basic,10,2,$53.69,30,2,8,6,2026-11-08,0,
ACC-10318,SMB,Standard,9,29,262.62,9,2,30,5,Jan 2027,1,budget cut
ACC-10319,Mid-Market,Standard,41,3,$188.15,71,2,8,10,May 2027,0,
ACC-10320,Enterprise,Basic,32,8,$65.68,4,0,7,9,04/30/2027,0,
ACC-10321,SMB,Enterprise,40,20,1814.08,29,1,7,8,2026-11-06,0,
ACC-10322,SMB,Enterprise,59,3,"$1,128.14", ,1,28,,06/13/2027,0,
ACC-10323, Mid-Market,Standard,22,14,208.30,42,2,31,4,03/12/2026,0,
ACC-10324,Mid-Market,Premium,1,8,546.18,36,0,3,8,2026-04-17,0,
ACC-10325,smb,Standard,45,2,143.72,20,1,51,7,May 2026,0,
ACC-10326,SMB,Premium,6,6,537.28,12,2,7,8,12-May-2026,0,
ACC-10327,Enterprise ,Basic,39,22,74.60,11,0,11,6,2026-08-29,1,switched vendor
ACC-10328,SMB,Standard,28,5,196.93,23,1,0,10,26-Nov-2026,0,
ACC-10329,SMB,Premium,29,13,523.15,54,1,2,6,Jul 2026,0,
ACC-10330,Mid-Market,Premium,21,5,$395.87,34,2,7,10,Apr 2027,0,
ACC-10331,SMB,Premium,42,14,$603.59,57,2,26,8,2026-09-14,0,
ACC-10332,SMB,STANDARD,28,18,$235.59,70,0,39,-,Nov 2026,0,
ACC-10333,Mid-Market,Basic,16,11,66.44,39,0,11,6,Jun 2027,0,
ACC-10334,SMB,Premium,50,2,434.04,8,0,34,N/A,09-Mar-2026,1,missing feature
ACC-10335,SMB ,Premium,5,4,468.83,32,1,44,8,04/11/2026,0,
ACC-10336,Mid-Market,Premium ,28,13,$516.69,64,0,20,6,24-Mar-2026,0,
ACC-10337,Mid-Market,Premium,42,38,$683.10,47,1,5,3,10/22/2026,0,
ACC-10338,Mid-Market,Basic,24,3,48.76,7,0,11,10,10/30/2026,0,
ACC-10339,SMB,Basic,13,31,$94.66,16,1,8,9,2026-08-24,0,
ACC-10340,SMB,Standard,31,28,$256.63,28,1,4,5,2027-04-01,0,
ACC-10341,SMB,Basic,37,24,$86.68,23,1,3,n/a,20-Dec-2026,0,
ACC-10342,SMB,Basic,50,14,$56.44,26,1,26, ,12/07/2026,0,
ACC-10343,SMB,Standard,4,8,$209.06,41,1,6,2,05/09/2026,0,
ACC-10344,Enterprise,Premium,44,2,$361.90,16,4,75,10,01/28/2027,1,missing feature
ACC-10345,Mid-Market,Basic,38,31,85.60,26,1,0,2,Sep 2026,0,
ACC-10346,Mid-Market,Premium,2,4,501.33,0,0,6,5,22-Mar-2027,0,
ACC-10347,SMB,Basic,3,10,$60.14,13,0,4,,2027-03-12,0,
ACC-10348,SMB,Premium,1,14,$600.49,44,7,15,-,07/07/2026,0,
ACC-10349,Mid-Market,Standard,9,11,192.55,,0,9,null,10/14/2026,0,
ACC-10350,Enterprise,Basic,22,18,76.80,8,1,0,4,25-Oct-2026,0,
ACC-10351,Mid-Market,Standard,31,14,236.76,84,1,24,null,23-Apr-2026,0,
ACC-10352,SMB,Standard,14,6,181.73,42,0,35,7,01/27/2026,0,
ACC-10353,smb,Basic,41,3,$48.05,26,1,22,6,05/29/2027,1,missing feature
ACC-10354,Mid-Market,Basic,27,38,98.19,7,1,0,,May 2026,0,
ACC-10355,Mid-Market,Standard,36,18,239.48,0,0,18,5,2026-08-27,0,
ACC-10356,Mid-Market,Premium,19,55,"$1,026.11",38,3,2,3,01/04/2026,0,
ACC-10357,Mid-Market,Standard,11,4,$189.41,45,1,4,N/A,02/09/2026,0,
ACC-10358,Enterprise,Basic,28,6,$61.69,30,0,2, ,18-Feb-2027,0,
ACC-10359,SMB,Premium,31,6,393.40,68,3,2,4,04/19/2027,0,
ACC-10360,SMB,Standard,29,27,222.26,41,3,1,5,16-Aug-2026,0,
ACC-10361,mid-market,Standard,54,9,$206.69,22,2,41,6,2027-06-17,0,
ACC-10362,SMB,Premium ,3,8,$542.04,38,3,36,N/A,06/03/2026,0,
ACC-10363,SMB,Basic,19,14,58.56,20,2,10,5,2026-01-29,0,
ACC-10364,SMB,Basic,33,16,61.49,11,5,4,4,13-May-2027,1,price
ACC-10365,SMB,Premium,60,14,624.22,44,2,5,6,Oct 2026,0,
ACC-10366,SMB ,STANDARD,22,43,362.89,72,1,15,-,Nov 2026,0,
ACC-10367,Enterprise,Basic,36,7,$56.30,26,0,46,5,03/14/2026,1,switched vendor
ACC-10368,SMB,Standard,42,14,181.88,35,3,54,4,26-Jan-2026,0,
ACC-10369,SMB,Enterprise,14,14,"$1,695.77",76,2,35,3,2026-11-12,0,
ACC-10370,Mid-Market,Standard,37,7,171.53,57,4,31,6,2026-09-17,0,
ACC-10371,Mid-Market,Basic,11,3,$63.09,19,1,1,7,2026-03-05,1,switched vendor
ACC-10372,SMB,Premium,8,24,716.29,51,0,3,7,02/26/2026,0,
ACC-10373,SMB,Standard,22,5,$178.03,64,3,9,n/a,01/02/2027,0,
ACC-10374,SMB,Basic,30,2,49.80,4,0,6,n/a,2026-04-17,0,
ACC-10375,Mid-Market,Basic,51,10,57.12,0,1,16,-,17-Feb-2027,0,
ACC-10376,Enterprise,Basic,7,16,80.70,2,1,41,6,26-Apr-2027,1,
ACC-10377,Mid-Market,Basic,1,78,$150.80,13,3,47,6,29-Nov-2026,1,
ACC-10378, Enterprise,Enterprise,20,12,1474.68,25,1,30,9,07/13/2026,0,
ACC-10379,SMB,Premium,41,7,436.12,83,6,12, ,01/28/2027,0,
ACC-10380,SMB,Standard,2,18,200.39,22,3,23,6,08/20/2026,0,
ACC-10381, SMB,Basic,16,7,52.38,21,2,23,8,13-Nov-2026,0,
ACC-10382,SMB,Standard,43,15,229.19,22,0,21,2,03/20/2026,0,
ACC-10383,SMB,Basic,47,14,$74.11,15,0,1,4,2027-04-02,0,
ACC-10384,SMB,Standard,55,3,$165.08,66,0,6, ,03/22/2026,0,
ACC-10385,SMB,Basic,37,9,$53.46,16,0,23,-,2026-10-16,0,
ACC-10386,SMB,Premium,4,2,442.03,38,1,0,8,Mar 2026,0,
ACC-10387, Mid-Market,Premium,4,23,$648.55,67,1,30,8,Nov 2026,0,
ACC-10388, SMB,Standard,15,5,154.17,20,1,57,9,11/07/2026,1,
ACC-10389,Enterprise,Basic,39,15,$73.04,15,0,4,,2026-09-25,0,
ACC-10390,SMB,Basic,6,23,70.93,20,6,12,9,2026-02-15,0,
ACC-10391,Mid-Market,BASIC,43,10,59.59,21,0,35,N/A,Jun 2027,0,
ACC-10392,SMB,Premium,2,11,604.09,11,3,12,6,2026-09-13,0,
ACC-10393,Enterprise,Enterprise,18,3,"$1,339.33",34,0,4,10,16-Dec-2026,0,
ACC-10394,Mid-Market,Premium,22,12,446.30,39,8,28,4,17-Sep-2026,1,switched vendor
ACC-10395,SMB,Standard,11,12,187.42,6,0,15,3,2026-01-30,1,
ACC-10396,SMB,Standard,23,2,$166.18,36,0,10,9,26-Oct-2026,0,
ACC-10397,enterprise,PREMIUM,37,6,483.46,62,0,55,8,21-Mar-2027,0,
ACC-10398,Mid-Market,Premium,1,8,518.22,46,2,5,9,Feb 2026,0,
ACC-10399,Mid-Market,Basic,40,14,71.73,16,2,2,8,2027-04-24,0,
ACC-10400,SMB,Premium,44,12,492.86,43,3,42,4,Nov 2026,0,
ACC-10401,SMB,Standard,41,5,$189.46,36,2,10,7,2026-09-21,0,
ACC-10402,SMB,Premium,42,41,932.83,26,0,2,10,2027-04-10,0,
ACC-10403,SMB,Standard,3,10,174.28,69,4,15,6,Apr 2027,0,
ACC-10404,SMB,Basic,13,8,$54.06,10,0,32,N/A,2026-01-29,1,price
ACC-10405,SMB,Standard,19,5,$188.11,43,0,44,9,17-Feb-2026,0,
ACC-10406,Mid-Market,Standard,25,41,319.83,null,0,52,4,11/20/2026,0,
ACC-10407,Mid-Market,Basic,19,5,63.22,24,3,7,8,Jun 2026,0,
ACC-10408,Mid-Market,Basic,54,2,46.45,9,0,0,7,05/14/2026,0,
ACC-10409,SMB,Premium,29,3,419.88,44,3,1,7,Jan 2027,0,
ACC-10409,SMB,Premium,29,3,419.88,44,3,1,7,Jan 2027,0,
ACC-10410,Mid-Market,Enterprise,1,3,"$1,295.75",23,0,16,8,2027-02-11,0,
ACC-10411,Mid-Market,basic,30,5,$50.18,7,1,56, ,2026-03-20,1,
ACC-10412, SMB, Enterprise,56,14,1711.27,8,5,8,9,10/11/2026,0,
ACC-10413,MID-MARKET,Premium,17,10,449.14,38,2,2,4,2027-02-10,0,
ACC-10414,SMB,Standard,3,12,193.85,42,3,0, ,09/29/2026,0,
ACC-10415,Mid-Market,Premium,49,18,N/A,0,1,31,N/A,Apr 2027,0,
ACC-10416,Mid-Market, Premium,46,1,N/A,15,0,7,n/a,19-Oct-2026,1,
ACC-10417,Mid-Market,Premium,22,2,480.41,56,0,1,7,Apr 2026,0,
ACC-10418,SMB,Basic ,19,10,$59.37,23,0,8,,04-Jul-2026,0,
ACC-10419,SMB,Premium,20,28,$580.85,36,3,6,5,2026-02-07,0,
ACC-10420,SMB,Basic,41,9,$55.55,N/A,1,23,8,04/08/2027,1,switched vendor
ACC-10421,SMB,Standard,49,4,165.49,35,0,10,6,02/22/2027,0,
ACC-10422,Mid-Market,Standard,18,24,272.14,14,0,21,10,09/07/2026,0,
ACC-10423,Mid-Market,Basic,19,15,68.78,9,0,14,8,2027-01-01,0,
ACC-10424,SMB,Basic,33,3,$56.13,21,0,6,10,08/02/2026,0,
ACC-10425,SMB ,Standard,15,8,$160.33,27,0,6,4,05-Apr-2027,0,
ACC-10426,SMB,Standard,4,10,221.55,43,7,25,4,06/22/2026,0,
ACC-10427,Mid-Market,Standard,54,14,$236.63,42,0,7,10,11/20/2026,0,
ACC-10428,Mid-Market,Basic,54,15,$72.88,11,1,3,-,06-Feb-2026,1,price
ACC-10429,SMB,Basic,26,4,$62.67,27,2,10,8,2026-05-10,0,
ACC-10430,SMB,Standard,15,11,197.23,,1,9,6,Apr 2027,0,
ACC-10431,SMB,Standard,42,16,197.83,,1,16, ,05/12/2026,0,
ACC-10432,SMB,Enterprise,22,29,2290.66,7,1,4,8,Feb 2026,0,
ACC-10433,smb,Enterprise,5,9,"$1,693.88",34,0,27,5,Aug 2026,0,
ACC-10434,MID-MARKET,Basic,16,5,47.92,32,3,37,null,Nov 2026,1,switched vendor
ACC-10435,Mid-Market,Standard,17,24,222.76,68,1,9,8,16-Oct-2026,0,
ACC-10436,SMB,Premium,35,31,$708.26,38,7,31,1,12-Mar-2027,1,price
ACC-10437,SMB,Standard,23,10,174.32,8,1,30,null,17-Aug-2026,1,
ACC-10438,SMB,Standard,34,10,217.28,15,1,121,6,Jun 2027,1,budget cut
ACC-10439,Mid-Market,Standard,46,10,179.87,68,1,15,9,Dec 2026,0,
ACC-10440,SMB,Basic,51,5,$59.87,23,0,5,5,May 2026,0,
ACC-10441,SMB,Basic,31,8,$68.35,16,0,4,N/A,Mar 2027,1,budget cut
ACC-10442,Mid-Market,Premium,18,22,696.96,67,0,56,10,Jan 2027,0,
ACC-10443,SMB,Basic,26,14,73.95,,3,25,6,2026-12-16,0,
ACC-10444,SMB,Standard,46,10,$192.76,0,1,18,7,Mar 2027,0,
ACC-10445,SMB ,Standard,10,6,196.28,65,7,7,10,Apr 2026,0,
ACC-10446,Enterprise,Basic,18,16,$68.21,19,1,7, ,07/12/2026,0,
ACC-10447,Enterprise ,Premium,37,19,547.55,27,3,11,10,13-Nov-2026,0,
ACC-10448,SMB,Basic,7,2,60.40,21,6,0,9,12-May-2027,0,
ACC-10449,Enterprise,Premium,49,3,436.77,0,0,0,6,2026-12-10,1,missing feature
ACC-10450,SMB ,Standard,19,13,196.88,52,2,23,null,16-Mar-2026,0,
ACC-10451,SMB,Basic,25,7,68.66,14,0,16,10,Nov 2026,0,
ACC-10452,SMB,Standard,52,7,152.97,81,6,5,4,11/16/2026,0,
ACC-10453,SMB,Basic,35,8,63.98,N/A,1,0,,2027-05-19,0,
ACC-10454,SMB,Standard,29,36,291.43,69,2,30,6,20-Jan-2027,0,
ACC-10455,SMB,Standard,8,11,$219.51,41,0,7, ,01-May-2027,0,
ACC-10456,SMB,Standard,28,15,$218.85,52,1,4,9,01/30/2027,0,
ACC-10457,Enterprise ,Standard,17,12,$227.95,46,1,4,5,2027-03-21,0,
ACC-10458,SMB,Premium,8,2,465.96,58,1,2,10,Sep 2026,0,
ACC-10459,SMB,Standard,7,2,162.45,15,0,10,5,09/17/2026,0,
ACC-10460,Mid-Market,Standard,53,6,192.27,53,0,17,6,29-Nov-2026,0,
ACC-10461,SMB,Premium,1,7,488.91,34,3,129,10,2026-08-13,1,budget cut
ACC-10462,SMB,Enterprise,22,50,"$3,064.27", ,3,1,8,May 2027,0,
ACC-10463,Mid-Market,Premium,15,3,$399.71,32,6,3,6,2027-04-26,1,budget cut
ACC-10464,Mid-Market,Premium,13,9,469.44,46,0,33, ,04/09/2027,0,
ACC-10465,SMB,Standard,41,12,215.80,41,0,6,6,04/14/2026,0,
ACC-10466,smb,Premium,19,10,566.02,40,1,15,9,2026-08-30,0,
ACC-10467,SMB,Standard,31,4,165.64,46,3,0,10,07/25/2026,0,
ACC-10468,SMB,Standard,33,1,159.42,43,3,0,null,03/27/2027,0,
ACC-10469,SMB,Basic,33,5,$52.02,15,5,27,6,2027-03-18,0,
ACC-10470,Mid-Market,Standard,14,12,$213.18,35,1,23,10,18-Jan-2026,0,
ACC-10471,Mid-Market,Standard,17,34,265.81,97,0,23,10,Sep 2026,0,
ACC-10472,Enterprise,Basic,19,6,$55.85,12,3,33,-,Jan 2027,1,budget cut
ACC-10473,SMB,Basic,23,44,$106.93,11,0,7,7,2026-03-14,0,
ACC-10474,Enterprise,Standard,1,6,160.38,27,0,2,7,11-Nov-2026,0,
ACC-10475,Mid-Market,Standard,18,7,198.22,81,1,57,null,09-Sep-2026,0,
ACC-10476,SMB,Standard,1,1,172.48,46,0,11,10,14-Mar-2026,0,
ACC-10477,SMB,Standard,32,7,151.78,33,0,13,10,01/11/2026,0,
ACC-10478,SMB,Basic,26,25,$89.79,12,1,11,5,13-Apr-2027,1,price
ACC-10479,Mid-Market,Premium,28,2,$492.39,34,4,29,n/a,2027-02-01,0,
ACC-10480,SMB,Basic,7,4,$57.17,12,0,21,0,10-Jan-2027,1,budget cut
ACC-10481,SMB,Premium ,56,6,$499.58,15,2,9,10,Aug 2026,0,
ACC-10482,SMB,Basic,23,5,$50.03,6,0,13,10,2027-04-27,0,
ACC-10483,Mid-Market,Standard,25,11,$196.46,37,3,31,9,2027-06-20,0,
ACC-10484,SMB,Basic,1,4,52.02,29,0,8, ,Jul 2026,1,budget cut
ACC-10485,SMB,Standard,1,23,$232.57,0,0,12,null,06/01/2026,0,
ACC-10486,SMB,Enterprise,27,5,"$1,582.27",2,4,13,8,Jan 2027,0,
ACC-10487,SMB,Basic,15,13,$68.06,3,2,10,4,Jul 2026,1,budget cut
ACC-10488,SMB,Basic,32,9,70.90,21,6,21,8,02/19/2027,0,
ACC-10489,SMB,Standard,1,6,172.49,26,2,29,8,2026-11-09,1,price
ACC-10490,Mid-Market,Standard,19,14,$208.65,10,1,8,,Jun 2026,1,switched vendor
ACC-10491,SMB,Basic,14,11,$74.23,14,2,7,6,2027-03-16,0,
ACC-10492,SMB,Basic,15,6,66.36,24,0,60,6,2026-03-09,1,switched vendor
ACC-10493,SMB,Basic,32,2,$50.80,11,1,55,8,Mar 2026,1,switched vendor
ACC-10494,Mid-Market ,Premium ,53,2,$438.59,48,1,7,5,11/26/2026,0,
ACC-10495,SMB,basic,46,36,103.84,6,0,2,3,2026-02-14,1,missing feature
ACC-10496,Enterprise,Basic,21,10,54.37,N/A,5,6,null,Jan 2026,0,
ACC-10497,Mid-Market,Basic,8,5,47.20,10,0,1,10,10-Apr-2027,0,
ACC-10498,Mid-Market,Premium,53,10,$546.08,15,0,26,n/a,2026-10-15,0,
ACC-10499,Mid-Market,Premium,47,12,520.17,71,1,4,n/a,2026-07-23,0,
ACC-10500,SMB,Enterprise,26,6,1551.62,37,1,19,3,Mar 2026,1,price
ACC-10501,SMB,Basic,15,19,70.04,25,0,0,7,10-Mar-2026,1,missing feature
ACC-10502,SMB,enterprise,64,4,1161.85,36,8,26,3,Jun 2026,0,
ACC-10503,Mid-Market,Standard,33,11,$202.80,28,7,2,5,18-Jan-2027,1,price
ACC-10504,Mid-Market,Standard,1,7,197.99,52,0,55,7,2027-06-08,0,
ACC-10505,SMB,Basic,28,5,56.14,16,4,16,5,09/24/2026,1,switched vendor
ACC-10506,Enterprise,premium,17,7,545.60,22,4,2,8,04/12/2027,0,
ACC-10507,SMB,Standard,12,11,200.08,48,4,23,7,13-Jun-2026,0,
ACC-10508,Enterprise ,Enterprise,25,3,1117.49,82,4,14,7,04/30/2027,0,
ACC-10509,Mid-Market,Standard,16,25,214.18,-,2,1,5,2026-02-28,0,
ACC-10510,Enterprise,Basic,20,39,$94.21, ,0,17,null,Mar 2026,0,
ACC-10511, Mid-Market,Standard,13,9,$178.91,14,1,24,9,06/21/2027,0,
ACC-10512,SMB,STANDARD,26,18,237.83,37,2,50,6,03/01/2027,1,budget cut
ACC-10513,Mid-Market,Enterprise,20,3,1147.10,1,5,32,6,May 2027,1,missing feature
ACC-10514,Enterprise,Enterprise,33,10,1767.86,80,2,7,-,2026-05-12,0,
ACC-10515,SMB,Basic,28,6,$51.12,7,0,15,5,22-Feb-2026,0,
ACC-10516,SMB,Enterprise,29,7,"$1,245.87",56,0,15,10,02/08/2026,0,
ACC-10517,Mid-Market,Standard,41,13,226.95,84,9,6,6,02/12/2027,0,
ACC-10518,SMB,Standard,41,25,$221.22,40,1,56,9,10/20/2026,1,missing feature
ACC-10519,SMB,Standard,15,19,$251.91,,0,5,10,11-Jun-2026,0,
ACC-10520,Mid-Market,Basic,34,12,67.02,17,0,28,9,2026-12-08,1,price
ACC-10521,SMB,Basic,52,21,79.91,18,2,4,5,Apr 2026,0,
ACC-10522,SMB,Enterprise,30,13,"$1,644.95",62,2,5,9,2026-10-08,0,
ACC-10523,Mid-Market,Enterprise,5,4,"$1,516.28",13,0,23,4,2026-09-25,0,
ACC-10524,Mid-Market, Standard,28,35,294.90,53,0,24,6,Dec 2026,0,
ACC-10525,smb,Premium,41,17,573.93,54,0,0,,15-Jan-2026,0,
ACC-10526,SMB,Standard,8,16,$216.25,59,0,36,10,2026-10-04,0,
ACC-10527,SMB,Premium,20,7,473.90,55,1,4,8,2026-04-10,0,
ACC-10528,SMB,Standard,17,13,192.95,,6,63,,May 2026,1,
ACC-10529,SMB,Basic,1,17,$63.41,16,3,28,9,23-Jan-2026,1,switched vendor
ACC-10530,Mid-Market,premium,15,18,$520.27,47,0,5,7,2026-02-09,0,
ACC-10531,SMB,Standard,13,12,$226.49, ,0,4,7,Nov 2026,0,
ACC-10532,SMB,Premium,43,6,413.37,30,1,5,7,2026-10-12,0,
ACC-10533,SMB,Basic,44,24,68.97,22,3,11,-,2026-09-30,0,
ACC-10534,Enterprise ,Standard,13,9,$168.50,18,2,19,8,2027-05-10,0,
ACC-10535,SMB, Standard,1,7,$170.29,47,0,3,10,Feb 2027,0,
ACC-10536,Mid-Market,Premium,24,17,521.30,n/a,4,3,7,21-Mar-2026,0,
ACC-10537,Enterprise,Basic,9,5,$62.54,13,2,13,8,11-Oct-2026,0,
ACC-10538,Enterprise,Standard,21,1,151.90,28,3,11, ,Nov 2026,0,
ACC-10539,Mid-Market,Enterprise,3,1,1433.87,41,0,15, ,2026-04-02,1,switched vendor
ACC-10540,SMB,Standard,1,4,170.72,0,1,24,4,2026-12-28,1,missing feature
ACC-10541,Mid-Market,Standard,41,8,-,45,2,19,8,06-Jan-2027,1,switched vendor
ACC-10542,SMB,Basic,31,32,80.69,26,1,9,9,10/03/2026,0,
ACC-10543,Mid-Market,Premium,10,5,475.70,43,0,17,4,2027-01-12,0,
ACC-10544,Mid-Market,Premium,20,17,$601.33,32,0,20,5,Jun 2027,0,
ACC-10545,SMB,Premium,25,5,393.07,30,1,7,7,Mar 2026,0,
ACC-10546,Mid-Market,Premium,10,2,$454.27,77,0,43,9,09-Jun-2026,0,
ACC-10547,SMB,Basic,17,10,70.12,0,4,26,N/A,05/29/2026,1,budget cut
ACC-10548,SMB,basic,24,9,$70.12,20,4,11,7,01-Apr-2027,1,budget cut
ACC-10549,SMB,Premium,23,24,597.88,5,0,9,5,2026-05-29,0,
ACC-10550,SMB,Enterprise,25,11,"$1,686.57",38,2,0,8,05/03/2027,0,
ACC-10551,Mid-Market,Enterprise,32,55,2449.71,41,4,63,-,23-Jun-2026,1,price
ACC-10552,SMB,Premium,22,16,$556.06,40,0,12,6,Mar 2027,0,
ACC-10553,Mid-Market,Basic,14,61,137.88,8,1,28,4,03/03/2026,1,price
ACC-10554,SMB,Enterprise,36,4,1277.21,22,0,14,5,2026-04-24,1,price
ACC-10555,SMB,Standard,24,4,189.60,51,1,7,10,06/10/2026,0,
ACC-10556,Mid-Market,Standard,38,8,$182.97,20,0,28,7,2027-04-26,0,
ACC-10557,Enterprise,Premium,44,3,478.60,26,4,4,7,2027-04-11,0,
ACC-10558,SMB,Standard,13,8,186.15,59,2,0,10,2027-02-02,0,
ACC-10559,MID-MARKET,Premium,33,18,$604.47,44,4,55,6,Jul 2026,1,switched vendor
ACC-10560,SMB,Basic,16,4,50.88,n/a,0,36,N/A,Apr 2026,1,switched vendor
ACC-10561,SMB,Basic,26,7,50.52,19,2,46,2,21-May-2026,1,switched vendor
ACC-10562,Mid-Market,Standard,41,6,190.10,26,1,9,5,01/05/2026,0,
ACC-10563,SMB,BASIC,35,12,$72.83,22,4,5,10,17-Feb-2026,0,
ACC-10564,SMB,Standard,17,39,283.04,58,0,23,5,Feb 2026,0,
ACC-10565,Enterprise,basic,8,14,59.99,5,1,18,5,24-Nov-2026,1,price
ACC-10566,Enterprise,Standard,43,7,194.24,35,4,7,6,2027-06-12,0,
ACC-10567, SMB,standard,41,2,$168.78,35,3,0,6,2027-02-24,0,
ACC-10568,SMB,Standard,16,19,220.71,41,3,26,8,Mar 2027,0,
ACC-10569,SMB,Standard,51,13,234.31,36,1,65,6,07-Feb-2026,0,
ACC-10570,Enterprise,Premium,13,20,579.62,62,22,3,5,2026-10-23,1,price
ACC-10571,SMB,Standard,7,1,167.01,0,3,36,8,06/05/2026,1,switched vendor
ACC-10572,SMB,Basic,18,16,77.01,18,1,4,7,2026-07-26,0,
ACC-10573,SMB,enterprise,18,31,2466.08,35,0,30,9,09/02/2026,0,
ACC-10574,Enterprise,Basic,9,11,67.91,6,2,0,1,Feb 2027,0,
ACC-10575,Mid-Market,Basic,16,10,$62.02,29,0,5,6,12-Jul-2026,0,
ACC-10576,SMB,Basic,45,5,60.36,16,0,2,4,Feb 2027,0,
ACC-10577,SMB,Basic,29,15,65.67,15,0,22,6,2027-05-07,1,budget cut
ACC-10578,SMB,standard,17,10,181.21,55,0,1,10,2026-04-27,0,
ACC-10579, SMB,Premium,48,5,443.16,39,0,5,null,Feb 2026,0,
ACC-10580,Mid-Market,Basic,43,21,86.33,7,0,10,10,2027-05-17,0,
ACC-10581,Mid-Market,Standard,24,8,$203.86,25,2,80,10,2026-12-17,1,switched vendor
ACC-10582,SMB, Basic,30,2,61.00,8,2,64,4,02/23/2027,1,missing feature
ACC-10583,Mid-Market,Basic,38,15,$74.24,15,0,2,-,Aug 2026,0,
ACC-10584,SMB,Basic,8,15,$62.61,14,0,18,3,07-Sep-2026,1,missing feature
ACC-10585,SMB,Enterprise,22,44,"$2,495.41",70,0,55,5,10/31/2026,0,
ACC-10586,SMB , Standard,1,12,171.75,null,2,14,9,Nov 2026,0,
ACC-10587,SMB,Premium,24,15,642.49,0,0,15,8,28-Jun-2026,0,
ACC-10588,Enterprise,Enterprise,10,1,1228.29,42,0,10,3,Nov 2026,0,
ACC-10589,SMB,Premium,60,13,534.11,n/a,6,18,8,02-Apr-2027,0,
ACC-10590,SMB,Standard,37,9,212.20,66,0,12,null,Jan 2027,0,
ACC-10591,Mid-Market,Standard,26,18,256.47,52,4,14,7,2026-04-07,0,
ACC-10592,SMB,Premium,1,36,772.83,61,1,4,7,03/02/2027,0,
ACC-10593,SMB,Standard,23,15,213.91,25,0,23,10,12/18/2026,1,switched vendor
ACC-10594,SMB,Basic,1,3,59.50,30,11,6,4,2027-02-26,1,price
ACC-10595,Enterprise,Enterprise,12,18,1849.53,71,0,0,n/a,Mar 2027,0,
ACC-10596,SMB,Basic,9,23,73.30,16,1,6,6,27-Nov-2026,0,
ACC-10597,SMB,Standard,25,7,$167.48,23,6,47, ,21-Dec-2026,1,
ACC-10598,SMB,Standard,32,3,$164.71,39,1,47,,Jul 2026,0,
ACC-10599,Mid-Market,Standard,46,29,307.87,45,5,18,null,2026-11-07,1,
ACC-10600,Mid-Market,Enterprise ,56,18,2067.84,46,1,3,null,Jun 2026,0,
ACC-10601,Enterprise,Premium,55,9,577.92,67,1,9,7,20-Nov-2026,0,
ACC-10602,SMB,Enterprise,45,57,3086.79,0,0,3,7,03/05/2026,0,
ACC-10603,SMB,Premium,40,12,546.16,15,0,20,5,2026-06-12,0,
ACC-10604,SMB,Premium,9,9,$470.45,13,1,26,3,2026-11-26,1,switched vendor
ACC-10605,Mid-Market,Basic,61,6,49.52,13,0,7,6,02/11/2027,0,
ACC-10606,SMB,Premium,35,7,$494.95,67,1,18,5,03/31/2026,0,
ACC-10607,Mid-Market,Basic,1,4,$49.51,1,0,6,N/A,2027-01-06,0,
ACC-10608,SMB,Enterprise,17,10,1634.30,63,0,10,7,Feb 2026,0,
ACC-10609,Enterprise,Basic,24,52,null,22,1,2,10,Feb 2026,0,
ACC-10610,SMB,STANDARD,29,21,201.08,38,6,4, ,03/26/2027,1,price
ACC-10611,SMB,Basic,1,3,$50.20,14,1,34,10,2026-08-03,1,budget cut
ACC-10612,SMB,basic,27,9,$52.85,15,3,43,null,Mar 2027,1,switched vendor
ACC-10613,Mid-Market,Enterprise,28,4,n/a,33,2,6,-,28-Oct-2026,1,price
ACC-10614,SMB,Basic,6,10,53.92,27,0,8,7,11-Jun-2027,0,
ACC-10615,SMB,Standard,48,19,236.07,35,2,0,6,2027-01-21,0,
ACC-10616,Mid-Market,Standard,11,11,223.48,48,0,50,8,16-Jan-2026,0,
ACC-10617,SMB,Basic,30,3,48.02,34,0,5,8,2027-05-23,0,
ACC-10618,SMB,Premium,50,7,484.35,48,5,14,,Sep 2026,0,
ACC-10619,SMB,Standard,43,8,185.81,43,2,24,8,07-Nov-2026,0,
ACC-10620,Enterprise,Standard,23,9,$162.01,35,0,43,7,02/24/2027,0,
ACC-10621,Enterprise,Basic,48,17,63.82,2,4,1,9,09-Jan-2026,0,
ACC-10622,Mid-Market,Premium,33,5,467.73, ,0,4,10,05/09/2026,0,
ACC-10623,SMB,PREMIUM,36,32,$641.52,58,3,30,6,07/14/2026,0,
ACC-10624,SMB,Standard,8,8,195.12,19,1,3,9,03/06/2026,0,
ACC-10625,SMB,Enterprise,22,23,2116.64,17,0,12,10,23-May-2027,0,
ACC-10626,Mid-Market,Standard,23,17,244.31,50,0,19,10,05/18/2027,0,
ACC-10627,SMB,Basic,1,8,63.60,0,5,27,7,May 2026,1,
ACC-10628,SMB,Basic,18,28,95.30,12,5,25,10,Jul 2026,0,
ACC-10629,SMB,Standard,36,20,266.19,18,3,1,8,05/29/2026,0,
ACC-10630,Enterprise,Basic,40,19,79.94,18,3,3,n/a,03/23/2026,0,
ACC-10631,Mid-Market,Standard,42,20,239.60,27,10,9,4,Dec 2026,0,
ACC-10632,SMB,Standard,15,6,156.81,n/a,2,63,5,12-Oct-2026,0,
ACC-10633,Mid-Market,Basic,29,9,63.16,13,1,36,4,Jan 2027,1,switched vendor
ACC-10634,SMB,Premium ,24,11,$510.69,6,1,1,7,Jan 2027,0,
ACC-10635,SMB,Basic,16,12,65.43,23,0,17,6,29-Apr-2027,0,
ACC-10636,smb,Enterprise,1,67,"$3,661.09",5,0,13,5,2027-05-01,0,
ACC-10637,SMB,Standard,18,24,277.23,N/A,1,77,8,15-Apr-2026,1,switched vendor
ACC-10638,Mid-Market,Premium,15,16,587.49,15,6,43,null,Jan 2026,1,
ACC-10639,enterprise,Basic,50,20,68.41,12,8,51,4,19-Feb-2026,1,
ACC-10640,Mid-Market,Standard,5,1,130.32,65,1,36,7,05/16/2026,0,
ACC-10641,Mid-Market,Standard,49,42,$330.76,36,0,14,null,Mar 2026,0,
ACC-10642,SMB,Basic,43,84,173.02,24,1,5,3,Dec 2026,0,
ACC-10643,SMB,Basic,1,31,$77.76,15,0,8,7,2026-04-06,0,
ACC-10644,SMB,BASIC,1,7,$58.51,17,3,16,7,07-May-2027,1,
ACC-10645,Mid-Market,Standard,21,14,$186.14,80,2,91,10,01/08/2026,0,
ACC-10646,SMB,basic,1,4,51.68,0,5,11,7,2027-02-14,1,price
ACC-10647,Mid-Market,Basic,57,55,$135.09,20,3,7,4,27-Mar-2027,1,budget cut
ACC-10648,smb,Basic,45,10,62.94,25,2,56,8,12-Sep-2026,0,
ACC-10649,Enterprise,Basic,3,8,$59.28,10,3,11,8,Apr 2027,1,switched vendor
ACC-10650,SMB,Basic,11,6,$48.57,8,0,17,-,02-May-2027,1,missing feature
ACC-10651,SMB ,Basic,1,8,58.87,22,2,21,7,2026-08-07,1,switched vendor
ACC-10652, Mid-Market,Basic,32,6,$52.68,16,1,12,3,Feb 2027,0,
ACC-10653,Enterprise,BASIC,27,1,53.13,13,0,3,6,08-Feb-2027,0,
ACC-10654,SMB ,Basic,4,18,71.49,1,2,41,8,Jun 2027,1,
ACC-10655,Mid-Market,Basic,38,27,77.19,19,2,33,9,03/14/2026,1,price
ACC-10656,SMB,ENTERPRISE,33,3,N/A,40,1,70,7,21-Feb-2027,1,switched vendor
ACC-10657,SMB,Basic,13,3,60.56,0,1,13,5,25-May-2026,0,
ACC-10658,Enterprise,Premium,39,23,568.16,26,9,15,4,2027-04-03,0,
ACC-10659,Mid-Market,Enterprise,30,4,"$1,567.48",,2,10,7,02/21/2027,0,
ACC-10660,SMB,Premium,7,2,$386.93,0,2,0,7,02/28/2027,1,missing feature
ACC-10661,MID-MARKET,Standard,1,3,158.50,15,4,10,7,Apr 2027,0,
ACC-10662, SMB,Standard,36,10,207.64,6,5,8,5,Feb 2026,1,price
ACC-10663,SMB,Premium,40,11,$594.80,58,0,28,7,Jan 2027,0,
ACC-10664,SMB,Standard,30,12,$194.89,41,0,16,4,Jun 2027,0,
ACC-10665,Mid-Market,Standard,1,13,$212.58,56,0,62,6,04/02/2026,0,
ACC-10666,Mid-Market,Basic,7,23,$76.42,30,1,21,5,Dec 2026,0,
ACC-10667,Mid-Market,Premium,20,63,1084.45,51,1,31,N/A,06-Feb-2026,0,
ACC-10668,Mid-Market,STANDARD,18,3,169.13,50,0,9,5,Jul 2026,0,
ACC-10669,SMB,Basic,40,8,66.76,13,0,6,n/a,2027-02-19,0,
ACC-10670,Mid-Market,Premium,32,20,$565.33,29,1,19,n/a,2027-04-20,0,
ACC-10671,Mid-Market,Premium,19,13,453.85,0,4,1,7,04/15/2026,1,missing feature
ACC-10672,SMB,Premium,4,12,518.12,53,0,54,10,2027-04-01,0,
ACC-10673,Enterprise,Basic,52,37,100.86,9,1,20,7,08/17/2026,1,price
ACC-10674,SMB,Enterprise,23,32,"$2,200.34",13,2,78, ,12/30/2026,1,price
ACC-10675,SMB,Standard,28,13,N/A,42,4,12,8,19-Apr-2026,0,
ACC-10676,SMB,Basic,8,7,52.85,5,2,15,9,Jul 2026,1,budget cut
ACC-10677,Enterprise,Basic,37,3,60.98,21,2,19,6,May 2026,1,switched vendor
ACC-10678,Enterprise,Basic,29,6,57.70,30,2,11,5,06/27/2026,0,
ACC-10679,Mid-Market,Standard,26,3,141.08,n/a,2,1,7,Sep 2026,0,
ACC-10680,SMB,Basic,27,9,$51.54,16,3,6,5,03-Apr-2027,0,
ACC-10681,SMB,Basic,6,1,-,31,0,34,7,2026-12-01,0,
ACC-10682,Enterprise,Standard,17,6,$159.42,0,1,19,8,08-Jun-2027,0,
ACC-10683,SMB,Basic,30,19,$62.15,13,1,30,n/a,22-Apr-2026,0,
ACC-10684,SMB,basic,36,9,64.10,4,0,13,10,2027-04-12,0,
ACC-10685,smb,Standard,25,53,$294.49,55,1,13,2,Sep 2026,0,
ACC-10686,SMB,Enterprise,18,7,1555.37,34,0,16,10,Feb 2026,0,
ACC-10687,Enterprise,Basic,47,31,$95.62,0,0,3,9,Mar 2026,0,
ACC-10688, Mid-Market,Premium,38,22,690.32,0,0,40,9,04/04/2026,1,switched vendor
ACC-10689,Mid-Market,Standard,37,1,$131.20,58,3,29,6,2026-12-01,0,
ACC-10690,SMB,Standard,1,49,325.69,8,3,20,5,01/14/2026,0,
ACC-10691,Enterprise,Standard,18,3,164.95,47,2,27,6,2026-03-08,0,
ACC-10692,Mid-Market,Standard,40,7,188.48,54,0,11,null,02/24/2026,0,
ACC-10693,Enterprise,Basic,26,8,$54.15,22,3,8,4,Aug 2026,0,
ACC-10694,mid-market,Standard,15,2,173.61,0,0,24,3,Sep 2026,0,
ACC-10695,Enterprise,basic,8,23,88.33,35,0,30,7,Apr 2026,0,
ACC-10696,SMB,Standard,39,101,$590.56,0,1,0,3,2026-11-06,0,
ACC-10697,SMB,Basic,18,6,52.57,n/a,1,21,7,Jun 2026,1,price
ACC-10698,Mid-Market, Standard,19,11,193.02,0,0,44, ,01-Mar-2026,1,price
ACC-10699,Mid-Market,Premium,4,13,545.06,23,2,21,9,05-Jul-2026,0,
ACC-10700,SMB,Basic,26,7,$63.60,12,0,23,8,04/24/2027,0,
ACC-10701,SMB,Basic,11,13,77.13,17,1,5,7,2027-01-31,1,
ACC-10702,SMB,Standard,53,8,155.35,63,1,101,8,2027-02-28,1,switched vendor
ACC-10703,Enterprise,Standard,22,15,$182.86,56,0,12,4,2026-02-21,0,
ACC-10704,Mid-Market,Standard,58,4,178.93,57,0,7,-,Oct 2026,0,
ACC-10705,Mid-Market,Basic,43,1,58.70,13,1,14,5,2026-01-27,0,
ACC-10706,Mid-Market,Basic,20,8,55.43,15,0,1,10,06/04/2027,0,
ACC-10707,SMB,Standard,30,22,242.24,34,1,20,4,2026-04-19,0,
ACC-10708,SMB,Standard,67,13,$182.90,44,0,37,9,Mar 2026,0,
ACC-10709,Mid-Market,Premium,19,5,$438.65,21,2,22,8,Mar 2026,0,
ACC-10710,SMB,Standard,27,2,$162.16,65,0,46,7,Apr 2026,0,
ACC-10711,SMB,Basic,34,18,$78.60,9,5,27,7,05-Mar-2027,0,
ACC-10712,Mid-Market,Enterprise,29,20,1597.68,46,8,11,9,Sep 2026,0,
ACC-10713,Mid-Market,Standard,1,6,201.69,10,0,6,10,Mar 2027,0,
ACC-10714,Mid-Market,Enterprise,22,8,"$1,294.25",38,2,11,10,06-May-2026,0,
ACC-10715,SMB,Basic,30,45,$121.50,31,3,14,-,2026-11-25,1,budget cut
ACC-10716,Mid-Market,Basic,36,4,$49.44,4,1,33,10,2026-10-11,0,
ACC-10717,SMB,Enterprise,11,10,"$1,320.91",22,0,0,6,Oct 2026,0,
ACC-10718,SMB,Standard,32,29,$270.39,37,2,1,9,02/07/2027,0,
ACC-10719,Mid-Market ,Premium,31,4,454.63,35,6,34,7,Jun 2027,0,
ACC-10720,SMB,Enterprise,35,8,"$1,427.14",0,3,6,,11/14/2026,0,
ACC-10721,Enterprise,Premium,25,65,"$1,176.65",37,1,5,6,01/09/2026,0,
ACC-10722,Enterprise,Standard,26,29,298.86,37,1,5,,2026-11-02,0,
ACC-10723,SMB,Enterprise,33,5,1379.16,60,1,1,10,07-Apr-2027,0,
ACC-10724,SMB,Premium,16,9,476.92,10,2,9,3,Sep 2026,0,
ACC-10725,SMB,Premium,22,37,887.39,14,0,2,n/a,2026-04-13,0,
ACC-10726,SMB,Basic,16,98,$188.29,17,0,7,null,May 2026,0,
ACC-10727,Mid-Market,Basic,20,5,54.81,24,0,54,6,Nov 2026,0,
ACC-10728,SMB,Premium,48,16,$540.38,26,1,0, ,2027-04-16,0,
ACC-10729,Mid-Market,Basic,1,18,$67.39,23,1,0,10,2027-05-13,0,
ACC-10730,SMB,Basic,11,10,$55.57,5,0,0,4,03/10/2026,1,price
ACC-10731,SMB,Basic,50,90,140.83,15,3,7,8,2026-01-26,0,
ACC-10732,SMB,Premium ,1,11,600.75,46,0,1,6,06/20/2027,0,
ACC-10733,SMB,PREMIUM,46,5,421.43,32,5,10,8,Feb 2027,0,
ACC-10734,SMB,Enterprise,4,10,1357.01,19,1,5,10,10/11/2026,0,
ACC-10735,Enterprise ,Standard,36,7,166.83,53,1,57,-,Mar 2027,0,
ACC-10736,Mid-Market,Premium,7,28,692.96,42,1,14,-,22-Jan-2026,0,
ACC-10737,SMB ,Standard,51,22,$215.63,13,3,0,4,Mar 2026,0,
ACC-10738,Mid-Market,Basic,12,14,56.76,22,1,2,8,Jan 2027,0,
ACC-10739,Mid-Market,Standard,26,8,194.30,20,2,7,7,22-Oct-2026,1,price
ACC-10740,SMB ,Enterprise,43,28,"$1,881.42",5,0,55,0,08/20/2026,1,switched vendor
ACC-10741,ENTERPRISE,Premium,8,2,430.09,21,4,19,7,Mar 2027,0,
ACC-10742,Enterprise, Basic,4,10,54.19,35,0,19,10,01/02/2027,0,
ACC-10743,SMB,Basic,32,7,65.96,2,0,69,6,2026-09-15,1,switched vendor
ACC-10744,SMB,Basic,35,22,$73.35,18,7,1,10,09/24/2026,1,missing feature
ACC-10745,Mid-Market,Premium,40,8,$559.80,84,0,2,4,11-Feb-2027,0,
ACC-10746,SMB,Basic,41,22,$65.08,16,1,2,,06/07/2026,0,
ACC-10747,SMB,Standard,18,13,187.86,34,5,14,10,04/25/2027,0,
ACC-10748,Enterprise,Premium,9,2,419.88,64,2,1,N/A,04/25/2027,0,
ACC-10749,SMB,Standard,17,12,$205.60,56,1,8,5,2026-06-03,0,
ACC-10750,SMB,Enterprise,34,12,1482.84,58,1,32,6,2026-09-20,0,
ACC-10751,SMB,Premium,15,1,,30,0,9,10,07-Jan-2026,0,
ACC-10752,SMB,Standard,11,10,182.50,74,1,3,10,04/21/2027,0,
ACC-10753,SMB,Premium,28,17,598.78,39,0,12,N/A,11/15/2026,0,
ACC-10754,SMB,Basic,27,24,$83.29,27,3,34,3,2026-10-06,1,budget cut
ACC-10755,SMB,Premium,11,7,413.89,5,1,19,9,2026-01-31,0,
ACC-10756,Mid-Market,Basic,39,3,57.63,13,3,34,null,2026-09-26,1,budget cut
ACC-10757,SMB,enterprise,37,16,1924.86,34,0,12,10,07-Oct-2026,1,budget cut
ACC-10758,Enterprise,Basic,14,14,66.65,12,8,18,10,06/04/2026,0,
ACC-10759,Enterprise,Premium,20,49,"$1,039.52",41,2,10,n/a,2026-04-27,0,
ACC-10760,SMB ,Premium,20,3,382.56,55,4,18,10,Jan 2027,0,
ACC-10761,Mid-Market,Basic,49,5,$48.44,10,0,39,10,Nov 2026,0,
ACC-10762,SMB,Standard,32,14,237.81,65,3,46,10,26-May-2026,0,
ACC-10763,Mid-Market,Standard,27,67,473.19,54,0,22,3,05/12/2027,0,
ACC-10764, SMB,Basic,34,7,$53.45,31,1,13,6,2026-10-09,0,
ACC-10765,smb,Basic,41,56,116.46,15,2,8, ,03-Jun-2026,0,
ACC-10766,SMB,Basic,17,30,$88.85,23,0,7,10,2026-04-18,0,
ACC-10767,SMB,Basic,14,41,$105.60,4,2,8,5,2026-01-06,0,
ACC-10768,SMB,Basic,45,14,77.54,5,1,11,7,2026-06-21,0,
ACC-10769,Enterprise,Standard,1,8,160.85,8,0,16,4,06/09/2026,1,price
ACC-10770, Mid-Market,Standard,9,126,687.75,39,0,0,6,07-Aug-2026,0,
ACC-10771,Mid-Market,Standard,43,21,196.40,0,2,2,9,15-May-2026,0,
ACC-10772,Mid-Market,Basic,11,10,60.40, ,5,29,N/A,Feb 2027,0,
ACC-10773,SMB,Basic,25,27,93.18,14,3,9,7,07-Jun-2026,1,
ACC-10774,SMB,Premium,12,5,$476.77,12,0,0,8,Feb 2026,0,
ACC-10775, Mid-Market,Premium,24,41,$835.05,52,0,10,6,21-Nov-2026,0,
ACC-10776,SMB,Premium ,4,10,512.07,66,2,0,8,04/10/2026,0,
ACC-10777,Enterprise,Basic,8,19,86.29,25,0,2,4,10/13/2026,0,
ACC-10778,Enterprise,Basic,25,24,87.36,16,1,20,7,10/23/2026,0,
ACC-10779,Mid-Market,Premium,24,45,N/A,8,1,1,10,Apr 2027,0,
ACC-10780,Mid-Market,Enterprise,24,11,"$1,314.68",25,5,4,7,03/15/2027,0,
ACC-10781,SMB,Standard,22,3,159.15,21,0,5,5,Mar 2027,0,
ACC-10782,SMB,Basic,13,29,$77.67,18,2,6,6,2026-01-22,0,
ACC-10783,Mid-Market,Basic,21,9,56.51,19,2,5,4,2026-02-11,0,
ACC-10784,SMB,PREMIUM,25,4,499.11,68,0,12,N/A,2026-11-29,0,
ACC-10785,SMB,Basic,23,15,72.43,32,3,5,-,2027-04-22,0,
ACC-10786,SMB, Premium,24,35,781.06,64,5,40, ,06/03/2026,0,
ACC-10787,Mid-Market,Premium,50,5,399.05,n/a,3,3,7,10/17/2026,0,
ACC-10788,SMB,Enterprise,41,18,1935.11,31,1,12,6,2027-06-24,0,
ACC-10789,SMB,Standard,1,1,$136.82,55,2,6,10,27-May-2027,0,
ACC-10790,Enterprise,Basic,15,6,66.74,7,0,5, ,Feb 2026,1,missing feature
ACC-10791,Enterprise,Standard,12,11,176.00,83,0,10,3,2026-01-02,0,
ACC-10792,Mid-Market,standard,32,2,144.29,34,1,10,10,29-May-2026,0,
ACC-10793,Mid-Market,Premium,56,16,484.32,28,0,62,10,Oct 2026,0,
ACC-10794,SMB,Basic,22,55,136.53,28,0,19,5,06-Apr-2026,0,
ACC-10795,SMB,Basic,22,12,75.35,13,0,6,7,2027-06-17,0,
ACC-10796,SMB,Basic,43,2,$44.34,3,3,6,7,Mar 2026,1,price
ACC-10797,SMB,Basic,22,3,$60.65,27,0,0,10,07-Nov-2026,0,
ACC-10798,SMB,Standard,28,41,338.81,74,0,12,4,09/30/2026,0,
ACC-10799,SMB ,Premium,4,8,$425.98,45,4,36,7,02/13/2027,0,
ACC-10800,Mid-Market,Standard,41,7,$193.69,28,0,25,10,18-Mar-2027,0,
ACC-10801,SMB,Enterprise,14,14,1508.26,30,0,50,10,28-Nov-2026,0,
ACC-10802,SMB,Premium,28,21,651.29,19,0,41,10,07/28/2026,0,
ACC-10803,SMB,Standard,47,16,210.33,64,0,1,,2026-06-25,0,
ACC-10804,Mid-Market,Standard,38,65,434.05,55,9,17,5,04/08/2027,1,switched vendor
ACC-10805,SMB,Basic,17,17,61.89,5,3,38,7,Dec 2026,1,switched vendor
ACC-10806,SMB,Premium,4,12,$590.53,28,0,17,6,Jun 2027,0,
ACC-10807,Mid-Market,Premium,14,31,679.06,32,4,0,8,Nov 2026,0,
ACC-10808,SMB,Standard,61,7,173.68,36,0,2,8,2027-03-04,0,
ACC-10809,SMB,Basic,37,1,52.47,19,3,15,5,21-Feb-2027,0,
ACC-10810,SMB,Premium,36,5,409.06,56,1,31,,2026-09-12,0,
ACC-10811,Mid-Market,Enterprise,33,5,"$1,209.12",48,0,25,,08/22/2026,0,
ACC-10812,SMB,Premium,49,34,$764.19,20,3,16,N/A,Dec 2026,0,
ACC-10813,SMB,Standard,19,23,202.65,41,0,20,8,08-Jan-2026,0,
ACC-10814,SMB,Basic,40,7,62.24,3,0,14,6,30-Dec-2026,0,
ACC-10815,Enterprise,standard,33,6,$204.04,55,0,1,10,10-Mar-2026,0,
ACC-10816,SMB,Basic,65,38,110.85,10,3,19,6,2026-02-17,0,
ACC-10817,Enterprise,Standard,60,14,230.73,28,2,3,10,2026-11-11,0,
ACC-10818,Enterprise,Standard,19,26,252.33,37,3,3,10,Jan 2027,0,
ACC-10819,Enterprise,Standard,3,6,$191.77,5,2,51,9,08/25/2026,0,
ACC-10820,Mid-Market,Basic,16,28,$78.94,0,1,7,7,10/24/2026,0,
ACC-10821,Mid-Market,Premium,35,8,$464.98,59,0,10,5,02-Feb-2027,0,
ACC-10822,Mid-Market ,Basic,12,30,73.28,11,0,12,7,29-Apr-2026,1,missing feature
ACC-10823,Mid-Market,Standard,41,15,190.89,55,2,2,10,04/07/2027,0,
ACC-10824,SMB,Premium,1,6,455.56,67,5,15,8,12/19/2026,0,
ACC-10825,SMB,Standard,43,2,149.11,N/A,1,12,6,17-Nov-2026,0,
ACC-10826,SMB,Standard,26,20,215.75,31,0,0,9,Jun 2026,0,
ACC-10827,SMB, Basic,9,13,55.52,27,1,1,8,01-Apr-2026,0,
ACC-10828,SMB,Enterprise,34,11,1356.44,23,0,9,N/A,Jul 2026,0,
ACC-10829,SMB,Standard,32,82,515.68,32,0,10,9,03/24/2027,0,
ACC-10830,Mid-Market,Enterprise,36,6,"$1,251.37",58,7,11,5,2027-02-02,0,
ACC-10831,smb,Standard,18,11,177.89,1,1,1,3,2026-08-07,0,
ACC-10832,Mid-Market,Standard,29,21,203.41,0,0,21,6,30-Dec-2026,1,switched vendor
ACC-10833,SMB,Standard,8,14,$208.43,35,1,14,4,03-Dec-2026,1,price
ACC-10834,SMB,Basic,44,14,$70.24,13,1,11, ,2026-05-29,0,
ACC-10835,Mid-Market,Standard,30,10,191.08,33,0,21,7,09/28/2026,0,
ACC-10836,SMB,Basic,61,5,$55.14,26,0,53,5,Mar 2026,0,
ACC-10837,SMB,Standard,8,17,216.33,28,3,10,5,02/04/2026,0,
ACC-10838,Mid-Market,Basic,29,14,77.04,16,7,7,10,Jan 2027,1,missing feature
ACC-10839,Mid-Market,Premium,8,10,$479.21,46,0,71,8,2026-11-07,0,
ACC-10840,Mid-Market,Standard,20,31,264.89,29,2,17,4,Jul 2026,0,
ACC-10841,SMB,Enterprise,35,13,"$1,593.00",39,0,11,6,09-Aug-2026,0,
ACC-10842,SMB,Basic,28,78,$166.11,17,1,1,8,Dec 2026,0,
ACC-10843,Mid-Market,basic,17,3,$60.18,26,0,29,10,02-Jan-2026,0,
ACC-10844,SMB,Premium,31,51,827.54,51,5,53,10,11-Mar-2027,0,
ACC-10845,Mid-Market, Premium,7,68,"$1,278.78",n/a,1,8,7,02/21/2027,0,
ACC-10846,SMB,Basic,4,7,49.97,22,2,23,9,2026-11-29,1,budget cut
ACC-10847,Enterprise,Standard,29,5,170.11,37,2,5,7,12-Jun-2027,0,
ACC-10848,SMB,Premium,18,7,511.68,38,0,45,5,May 2026,0,
ACC-10849,Mid-Market,STANDARD,12,5,$177.84,7,1,12, ,08/13/2026,0,
ACC-10850,Mid-Market,Standard,25,4,195.75,50,2,1,5,2026-01-29,0,
ACC-10851,Mid-Market,Enterprise,29,10,1280.80,66,3,20,9,2026-04-08,0,
ACC-10852,mid-market,Standard,6,4,180.15,26,0,14,5,15-Aug-2026,0,
ACC-10853,Enterprise,Premium ,2,23,-,26,0,5,7,Feb 2027,0,
ACC-10854,smb,Premium,21,6,$524.06,14,1,15,5,07/03/2026,0,
ACC-10855,SMB, Standard,32,7,184.93,7,4,15,4,17-Sep-2026,1,
ACC-10856,Mid-Market,Standard,33,12,218.47,67,0,30,10,03/17/2027,0,
ACC-10857,Mid-Market,Premium,1,13,620.15,43,0,9,10,2027-04-22,0,
ACC-10858,Mid-Market,Standard,38,17,181.44,77,3,0,8,06/28/2026,0,
ACC-10859,SMB,Basic,36,39,104.30,19,2,3,6,Aug 2026,0,
ACC-10860,Mid-Market,Standard,25,9,210.86,35,1,35,5,05-Jun-2027,1,missing feature
ACC-10861,Mid-Market,Basic,22,6,$55.25,16,0,8,5,Feb 2027,0,
ACC-10862,SMB,Premium,32,8,430.02,35,0,2,7,Jun 2026,0,
ACC-10863,Mid-Market,Standard,12,1,$172.29,4,0,9,8,04/18/2027,0,
ACC-10864,Enterprise,PREMIUM,37,31,832.24,66,0,26,6,09/28/2026,0,
ACC-10865,SMB,Basic,35,100,$199.29,28,0,11,7,2026-10-17,0,
ACC-10866,Enterprise,Enterprise,32,5,"$1,436.09",77,1,33,,03/08/2027,0,
ACC-10867,SMB,Premium,5,20, , ,1,22,3,2027-03-07,0,
ACC-10868,SMB,Standard,26,8,$200.86,66,3,2,5,Oct 2026,0,
ACC-10869,Enterprise,premium,23,11,494.19,14,3,75,10,Dec 2026,1,switched vendor
ACC-10870,Mid-Market,Standard,29,7,$153.80,48,1,3,6,26-May-2026,0,
ACC-10871,Enterprise,PREMIUM,26,2,444.51,31,1,18,10,Jan 2026,0,
ACC-10872,SMB,Basic,29,2,61.06,10,0,24,6,2026-10-15,0,
ACC-10873,SMB,Basic,44,17,$66.26,0,4,7,N/A,24-Aug-2026,0,
ACC-10874,SMB ,Premium,8,22,720.13,54,4,12,5,11-Sep-2026,0,
ACC-10875,SMB,Premium,8,2,395.09,60,2,9,N/A,02/03/2026,0,
ACC-10876,Mid-Market,Standard,18,1,$162.53,19,1,21,6,05-Feb-2027,0,
ACC-10877,Mid-Market,Basic,25,6,65.26,20,6,3,N/A,2026-08-04,0,
ACC-10878,SMB,Standard,12,14,200.31,17,0,4, ,Apr 2027,0,
ACC-10879,SMB,Premium,19,19,622.36,30,6,3, ,2026-03-15,1,missing feature
ACC-10880,SMB,Standard,32,68,372.49,71,0,2,7,Jun 2026,0,
ACC-10881,smb,Premium,46,36,$687.81,33,4,4,-,01/04/2027,0,
ACC-10882,SMB,Premium,15,36,766.97,20,0,42,5,Sep 2026,0,
ACC-10883,SMB,ENTERPRISE,45,4,"$1,574.72",97,1,24,,06/25/2027,0,
ACC-10884,SMB, Basic,1,5,$55.69,21,4,9,5,04/22/2026,0,
ACC-10885,SMB,Premium,42,8,470.89,47,7,8,6,Feb 2027,1,switched vendor
ACC-10886, Enterprise,Basic,28,1,45.00,15,1,9,10,11-May-2026,0,
ACC-10887,SMB,standard,39,9,$168.24,87,2,0,5,12/10/2026,0,
ACC-10888,Mid-Market,Premium,20,7,$538.88,24,2,2,8,May 2027,0,
ACC-10889,SMB,Standard,61,16,218.54,0,2,58,7,Mar 2027,1,budget cut
ACC-10890,Enterprise,Basic,44,12,$57.72,26,1,0,N/A,02/18/2026,0,
ACC-10891,SMB,Basic,30,12,72.30,21,2,0,8,14-Feb-2027,0,
ACC-10892,SMB,Standard,13,2,$183.13,10,1,18,4,26-Nov-2026,0,
ACC-10893,SMB,Premium,15,51,"$1,064.13",25,2,5,6,Jun 2026,0,
ACC-10894,SMB,Standard,6,5,$164.09,38,0,4,7,2027-05-25,0,
ACC-10895,Enterprise,Enterprise,45,16,1441.11,49,4,14,5,07/05/2026,0,
ACC-10896,SMB,Standard,11,27,255.56,41,0,16,9,19-Apr-2026,0,
ACC-10897,SMB,Standard,1,5,$143.25,5,2,25,7,11/19/2026,0,
ACC-10898,smb,Enterprise,18,13,1763.61,48,0,5,10,2026-12-11,0,
ACC-10899,SMB,Enterprise,29,17,"$2,019.02",58,0,40,6,31-Dec-2026,0,
ACC-10900,SMB,Basic,9,18,79.88,29,0,36,7,Jan 2026,1,budget cut
ACC-10901,Mid-Market,Enterprise ,18,8,"$1,525.58",47,3,13,null,2027-05-18,0,
ACC-10902,SMB,Standard,21,5,160.88,24,0,8,1,10/17/2026,0,
ACC-10903, Mid-Market,Basic,25,45,123.68,4,0,7,9,2026-07-01,0,
ACC-10904,SMB ,Standard,33,14,194.75,57,2,52,1,2026-12-15,0,
ACC-10905,Enterprise,Basic,34,20,70.98,20,5,16, ,03/04/2026,1,
ACC-10906,Mid-Market,Enterprise,1,16,"$1,963.23",57,0,7,5,2026-12-25,0,
ACC-10907,SMB,Standard,20,2,164.69,26,0,4,6,2026-03-27,0,
ACC-10908,SMB,Standard,1,41,274.16,39,3,5,7,10/25/2026,0,
ACC-10909,SMB,Standard,37,5,166.51,24,1,39,9,Dec 2026,0,
ACC-10910,SMB,Enterprise,37,19,1709.94,59,4,18,8,2026-10-07,0,
ACC-10911,SMB,Basic,13,3,63.01, ,0,29,8,05/09/2027,1,
ACC-10912,Mid-Market,Basic,38,6,60.43,0,2,2,8,07/18/2026,0,
ACC-10913,Mid-Market,Enterprise,27,10,"$1,511.78",48,2,24,5,Jan 2026,0,
ACC-10914,SMB,Standard,15,10,187.45,32,1,11,10,2026-02-10,0,
ACC-10915,SMB,Basic,39,18,$66.89,7,0,12,5,21-Aug-2026,0,
ACC-10916,SMB,Basic,13,23,68.03,16,0,0,6,2026-06-14,0,
ACC-10917,smb,Standard,37,24,$246.18,48,0,1,n/a,2026-12-16,0,
ACC-10918,MID-MARKET,Standard,34,14,$172.34,32,1,3,n/a,08/12/2026,0,
ACC-10919,SMB,standard,50,1,143.06,44,5,25,4,Jul 2026,1,
ACC-10920,Mid-Market,Standard,32,3,147.28,37,1,44,-,02-Dec-2026,1,price
ACC-10921,Mid-Market,Premium,10,2,$358.24,16,0,10,4,Jul 2026,0,
ACC-10922,Mid-Market,Basic,21,6,61.10,30,6,6,5,2027-03-04,1,price
ACC-10923,Mid-Market,Standard,35,5,145.51,,2,5, ,25-Oct-2026,0,
ACC-10924,SMB,Basic,42,8,69.39,-,2,7,-,Aug 2026,0,
ACC-10925,Enterprise,Premium,9,5,444.16,25,4,9,6,2026-06-03,0,
ACC-10926,Enterprise,Standard,24,36,$336.48,48,1,13,8,05-Feb-2027,0,
ACC-10927,smb,Standard,23,11,$171.97,47,0,12,9,10/12/2026,0,
ACC-10928,SMB,Standard,23,9,216.12,33,2,23,N/A,06/12/2026,0,
ACC-10929,Mid-Market, Standard,7,20,$194.29,9,3,10,4,18-May-2027,1,price
ACC-10930,Mid-Market,Standard,20,5,192.23,28,0,8,10,2026-07-20,0,
ACC-10931,SMB,Standard,54,8,188.82,47,0,30,N/A,2026-07-16,0,
ACC-10932,SMB,Standard,1,6,$163.92,21,9,2,6,2027-05-27,1,budget cut
ACC-10933,Enterprise,Standard,32,28,298.27,20,3,23,6,2026-03-05,1,
ACC-10934,SMB ,Basic,48,10,$67.51,7,1,5,9,2027-02-09,0,
ACC-10935,SMB,Premium,27,7,521.50,61,0,4,10,12-Jun-2027,0,
ACC-10936,Mid-Market,Standard,64,27,232.50,48,0,38,10,Jan 2026,0,
ACC-10937,SMB,Enterprise,33,7,1521.75,29,2,15,-,Apr 2027,0,
ACC-10938,Mid-Market,Basic,65,22,75.89,7,2,11,7,03/01/2026,1,budget cut
ACC-10939,SMB,Standard,33,63,n/a,26,1,2,8,2026-04-12,1,switched vendor
ACC-10940,Mid-Market,Standard,1,36,$326.07,34,5,4,2,2027-05-11,1,switched vendor
ACC-10941,SMB,Standard,29,19,$252.19,61,1,6,9,2027-03-23,0,
ACC-10942,Mid-Market,Basic,22,12,56.40,13,4,27,10,2026-10-02,0,
ACC-10943,Mid-Market,Premium,7,2,$407.74,24,0,23,6,05/29/2027,1,
ACC-10944,Enterprise,Standard,42,5,$150.21,43,0,2,8,02/01/2027,0,
ACC-10945,Enterprise,Standard,17,14,225.42,39,5,12,n/a,06/19/2026,0,
ACC-10946,SMB,Basic,53,6,60.50,13,2,12,3,01-Feb-2027,0,
ACC-10947,smb,Standard,10,25,241.06,17,0,4,10,2027-01-09,0,
ACC-10948,SMB,Standard,42,10,205.69,29,2,37,7,Jan 2026,0,
ACC-10949,SMB,Enterprise,28,19,2121.70,51,2,2,6,2026-03-10,0,
ACC-10950,SMB,Standard,10,17,$222.75,57,2,0,5,2026-05-08,0,
ACC-10951,SMB,Premium,58,3,428.83,n/a,0,4,6,05/12/2026,0,
ACC-10952,Enterprise,Basic,49,3,$61.52,10,0,2,4,Feb 2026,0,
ACC-10953,Mid-Market,Standard ,31,19,$233.45,60,2,11,8,21-May-2027,0,
ACC-10954,SMB,Basic,45,5,$57.89,4,0,2,n/a,19-Nov-2026,0,
ACC-10955,Enterprise,PREMIUM,33,34,$855.06,40,0,7,6,Feb 2027,0,
ACC-10956,Mid-Market,STANDARD,28,39,$344.17,54,1,3,6,05/17/2027,0,
ACC-10957,Enterprise,Standard,9,10,$174.68,25,3,6,2,2027-04-13,0,
ACC-10958,SMB,Standard,31,11,198.42,99,7,0,6,2026-11-11,0,
ACC-10959,Mid-Market,Basic,32,6,$49.39,26,0,23,5,08/19/2026,0,
ACC-10960,Mid-Market ,Premium,15,8,460.37,48,0,16,8,05/12/2027,0,
ACC-10961,Mid-Market,Premium,36,2,488.73,66,2,10,,2026-05-19,0,
ACC-10962,SMB,Premium,29,15,$615.46,0,1,9, ,2026-04-10,1,
ACC-10963,Mid-Market,Premium,12,10,541.14,21,5,5,-,08/06/2026,1,
ACC-10964,SMB,Standard ,54,9,175.66,44,1,2,5,26-Mar-2026,0,
ACC-10965,Enterprise,Basic,37,5,52.37,14,0,16,4,12-Jul-2026,0,
ACC-10966,SMB,Basic,37,6,$65.16,19,1,25,4,21-Aug-2026,1,
ACC-10967,SMB,Basic,8,78,126.30,9,0,53,7,Aug 2026,1,switched vendor
ACC-10968,SMB,Standard,36,17,241.84,51,0,46,6,22-Oct-2026,0,
ACC-10969,Mid-Market,Basic,34,3,$50.03,33,0,0, ,2027-03-23,0,
ACC-10970,Enterprise,Standard,21,21,207.50,0,0,61,7,10-Dec-2026,1,missing feature
ACC-10971,SMB,Standard,43,26,$244.89,60,0,1,9,Jul 2026,0,
ACC-10972,Mid-Market,Premium,30,20,586.11,45,0,7,6,01/28/2026,0,
ACC-10973,Mid-Market,Premium,37,5,$502.96,0,0,56,9,Aug 2026,0,
ACC-10974,Enterprise,Premium,26,7,458.79,8,4,16,6,Jan 2027,1,
ACC-10975,SMB,Basic,55,27,90.50,27,2,2,4,Aug 2026,0,
ACC-10976,SMB,Basic,21,11,$73.05,10,0,19,3,2027-05-26,1,budget cut
ACC-10977,SMB,Standard,1,8,175.26,52,7,24,7,2026-07-14,1,
ACC-10978,SMB,Basic,6,10,59.92,n/a,0,16,9,07/28/2026,0,
ACC-10979,SMB ,Standard,37,5,156.78,68,0,1,5,27-Feb-2026,0,
ACC-10980,Mid-Market,Enterprise,13,4,1170.77,43,0,28,10,May 2026,0,
ACC-10981,SMB,Premium,1,2,$393.21,,2,1,,19-Jul-2026,0,
ACC-10982,SMB ,Premium,23,28,$628.37,58,1,35,N/A,04/14/2027,0,
ACC-10983,smb,Standard,1,7,$157.14,63,0,23,6,2027-04-08,0,
ACC-10984,Mid-Market,Basic,32,15,62.00,3,2,7,7,09/04/2026,0,
ACC-10985,Enterprise,PREMIUM,44,5,529.31,51,4,0,5,10/11/2026,0,
ACC-10986,smb,Premium,46,8,409.00,13,0,28,N/A,10-May-2027,0,
ACC-10987,Mid-Market,Enterprise,5,7,1518.90,4,3,6,7,2026-07-16,0,
ACC-10988,Mid-Market,Basic,26,30,80.65,15,0,18,8,25-May-2027,0,
ACC-10989,Mid-Market,Standard,21,12,173.17,0,1,33,N/A,09/08/2026,1,switched vendor
ACC-10990,SMB ,Basic,37,14,$75.27,10,2,25,1,06/17/2027,1,budget cut
ACC-10991,SMB,Standard,20,5,166.26,35,1,43,5,Jun 2027,1,price
ACC-10992,Mid-Market ,Standard ,30,18,188.67,,0,77,9,Feb 2026,1,switched vendor
ACC-10993,Mid-Market,Basic,34,8,57.40,20,2,23,6,11/01/2026,0,
ACC-10994,Mid-Market,Basic,55,13,$59.72,27,0,6,4,2026-07-11,0,
ACC-10995,SMB,Premium,35,4,$423.36,39,0,9,10,07-Mar-2027,0,
ACC-10996,SMB,Standard,46,54,419.94,36,0,4,4,2026-09-05,0,
ACC-10997,Mid-Market, Standard,17,35,255.10,36,0,2,6,10/23/2026,0,
ACC-10998,Mid-Market,Basic,25,42,$103.25,14,4,28,6,18-May-2027,1,switched vendor
ACC-10999,SMB,Standard,15,3,161.73,53,2,45,-,Feb 2027,0,
ACC-11000,SMB,Premium,32,3,489.41,N/A,4,48,6,Aug 2026,1,missing feature
ACC-11001,smb,premium,1,1,420.75,38,0,24,10,Mar 2027,0,
ACC-11002,Mid-Market,Standard,51,6,$194.38,46,1,17,,02/01/2027,0,
ACC-11003,SMB,Enterprise,20,5,1186.46,54,0,11,9,Jul 2026,0,
ACC-11004,Mid-Market,Premium,37,1,484.16,30,1,2,8,2027-01-22,0,
ACC-11005,Mid-Market,Standard,15,4,146.58,0,1,31,3,2027-06-08,0,
ACC-11006,SMB,Premium,27,53,798.56,0,1,6,null,Jun 2026,0,
ACC-11007,mid-market, Standard,6,42,$317.77,22,3,20,7,11/05/2026,1,price
ACC-11008,SMB,Premium,21,3,367.91,17,10,6,4,2027-03-08,0,
ACC-11009,Mid-Market ,Standard,23,6,199.39,32,3,2,4,2026-04-04,0,
ACC-11010,SMB,Basic,28,2,55.30,8,1,17,4,Oct 2026,0,
ACC-11011,SMB,Standard,1,7,183.16,31,3,7,n/a,06/06/2027,1,missing feature
ACC-11012,SMB,standard,34,5,185.35,37,0,27,8,05-Feb-2026,0,
ACC-11013,SMB,Basic,31,10,57.88,20,1,38,9,2026-08-28,0,
ACC-11014,SMB,Premium,37,16,566.33,46,4,11, ,03/18/2027,0,
ACC-11015,Mid-Market,Standard,39,18,216.84,17,0,0,8,02-Jun-2027,0,
ACC-11016,SMB,Standard,20,5,154.83,26,0,13,6,Jul 2026,0,
ACC-11017,SMB,Premium,19,24,$747.90,12,1,6, ,2027-02-02,0,
ACC-11018,Mid-Market,Standard,26,4,162.79,10,6,11,null,10-Feb-2026,1,
ACC-11019,Mid-Market,Standard,14,2,$146.18,57,0,4,4,11/08/2026,0,
ACC-11020,SMB,Premium,27,32,$767.35,64,1,29,5,2026-09-26,0,
ACC-11021,Mid-Market,standard,21,19,206.21,66,2,13,7,03/14/2027,0,
ACC-11022,SMB,Basic,35,9,60.32,2,4,2,5,2026-06-11,1,switched vendor
ACC-11023,Mid-Market,Premium,5,30,804.70,65,6,3,9,01-May-2026,0,
ACC-11024,SMB,Basic,27,3,56.52,0,0,0,5,31-Dec-2026,1,price
ACC-11025,SMB,Basic,32,23,86.55,4,2,37,9,10-Dec-2026,1,missing feature
ACC-11026,Mid-Market,Standard,21,7,$156.30,36,3,7,-,Jul 2026,0,
ACC-11027,SMB,Standard,18,7,205.81,55,2,7,8,Jun 2026,0,
ACC-11028,Mid-Market,Standard,26,6,176.15,9,6,10,7,04/09/2026,0,
ACC-11029,Enterprise,Standard,28,22,,35,1,8,8,2026-11-28,0,
ACC-11030,Mid-Market,Standard,32,21,253.95,33,4,1,9,Nov 2026,0,
ACC-11031,SMB,Basic,18,30,91.29,3,0,14,5,05/31/2026,0,
ACC-11032,SMB,Enterprise,74,1,"$1,315.77",34,0,1,5,13-May-2027,0,
ACC-11033,mid-market,Standard,20,6,$203.38,58,0,8,,Jan 2026,0,
ACC-11034,Mid-Market,Standard,29,8,162.56,38,5,10, ,Jan 2027,0,
ACC-11035,SMB,Standard,19,9,186.73,44,1,13,6,10/23/2026,0,
ACC-11036,Enterprise,Standard,28,25,$228.37,0,0,3,1,Mar 2027,0,
ACC-11037,Enterprise,Premium,37,4,$380.03,39,0,5,3,May 2027,0,
ACC-11038,SMB,Standard,46,8,203.49,80,2,2,10,2026-12-19,0,
ACC-11039,SMB,Standard,42,16,193.78,27,0,3,7,18-Apr-2026,0,
ACC-11040,SMB,Basic,24,2,$49.35,17,0,12,6,Apr 2026,0,
ACC-11041,Mid-Market,Enterprise,13,19,1964.48,55,3,8,,11-Jan-2026,0,
ACC-11042,Mid-Market,Enterprise,24,17,1554.90,53,2,16,5,Aug 2026,0,
ACC-11043,Mid-Market,Premium,43,12,566.07,46,5,39,8,2027-02-12,1,
ACC-11044,SMB,Premium,3,85,1401.40,43,2,17,9,09/22/2026,0,
ACC-11045,Mid-Market,Standard,18,2,$180.98,26,3,6,2,17-Aug-2026,1,price
ACC-11046,Enterprise,Standard,59,5,$169.48,n/a,1,39,10,Jul 2026,0,
ACC-11047,SMB,Standard,30,20,238.17,10,5,94,null,07/19/2026,1,budget cut
ACC-11048,SMB,Premium,25,1,490.23,53,2,3,10,Oct 2026,0,
ACC-11049,Enterprise,Standard,21,10,165.88,53,2,22,8,19-Jun-2026,0,
ACC-11050,Mid-Market,Standard,41,32,283.09,25,2,45,3,2027-06-18,1,price
ACC-11051,SMB,Premium,35,27,800.01,23,0,16,3,10/15/2026,0,
ACC-11052,Mid-Market,Standard,23,8,201.59,20,2,62,8,2026-03-01,0,
ACC-11053,SMB,Premium,14,9,$494.22,34,0,19,6,03-Apr-2027,1,
ACC-11054,SMB,Premium,49,13,547.02,9,2,79,7,04/08/2027,1,
ACC-11055,SMB,Premium,7,15,$504.95,52,0,4,5,21-Sep-2026,0,
ACC-11056,Enterprise,Standard,29,3,136.74,55,5,35,,2027-03-31,1,budget cut
ACC-11057,SMB,Enterprise,76,3,"$1,502.46",28,0,3,4,Jun 2027,0,
ACC-11058,SMB,Basic,33,7,n/a,11,2,13,6,2026-08-05,0,
ACC-11059,SMB,Standard,21,8,200.80,30,2,12,3,2026-05-25,0,
ACC-11060,SMB,Standard,1,2,156.01,12,0,3,4,2027-02-11,0,
ACC-11061,Enterprise,Standard,28,10,166.89,73,2,10,8,10-Jan-2026,0,
ACC-11062,Enterprise,enterprise,31,7,"$1,662.47",34,1,9,10,29-Jan-2026,0,
ACC-11063,Enterprise,Standard,17,11,201.68,39,7,30,9,12-Aug-2026,1,missing feature
ACC-11064, Mid-Market,Basic,34,12,$61.21,18,2,21,9,Jun 2027,0,
ACC-11065,SMB,Premium,27,14,558.88,12,3,7, ,2026-06-10,0,
ACC-11066,MID-MARKET,Basic,28,26,88.41,25,5,21,6,Dec 2026,1,missing feature
ACC-11067, SMB,Standard,54,3,182.46,41,6,17,9,02/16/2026,0,
ACC-11068,Mid-Market,Basic,2,6,67.01,0,2,6,5,Dec 2026,1,budget cut
ACC-11069,ENTERPRISE,Premium,26,29,814.38,78,2,9,N/A,Jul 2026,0,
ACC-11070,SMB,Standard,32,7,159.09,4,4,5,10,28-Apr-2027,0,
ACC-11071,SMB,Standard,10,8,193.29,35,2,3,3,2027-03-15,0,
ACC-11072,Mid-Market,Standard,14,14,176.86,39,2,0,6,Jan 2026,0,
ACC-11073,Mid-Market,Premium,23,6,465.00,78,0,36,4,Mar 2026,0,
ACC-11074,SMB,Premium ,29,37,$655.93,62,1,0,7,09-Mar-2026,0,
ACC-11075,SMB,Standard,22,8,172.50,41,2,34,8,2026-11-18,0,
ACC-11076,SMB,Basic,29,8,50.78,7,0,8,,2026-05-30,0,
ACC-11077,SMB,Standard,13,10,214.06,47,4,56,10,01/08/2026,0,
ACC-11078,SMB,Basic,21,18,61.33,19,2,0,7,27-Jun-2026,1,price
ACC-11079,SMB,Premium,8,5,$448.97,31,0,21,,23-Feb-2027,0,
ACC-11080,Mid-Market,Premium,31,29,$712.51,37,6,30,4,May 2026,1,switched vendor
ACC-11081,SMB,Basic,19,6,58.40,9,0,44,8,14-Jun-2026,0,
ACC-11082,SMB,Premium,13,38,914.13,5,0,8,8,May 2027,0,
ACC-11083,SMB,Basic,26,4,$52.02,16,4,12,null,06/13/2027,0,
ACC-11084,Enterprise,Standard,31,24,$247.30,33,1,9,-,04/20/2027,0,
ACC-11085,mid-market,Standard,26,7,163.91,78,1,1,8,06/24/2027,0,
ACC-11086,Enterprise,STANDARD,29,5,176.58,30,2,4,3,30-Jul-2026,0,
ACC-11087,SMB,Premium,7,69,995.56,36,0,9,-,01/16/2026,0,
ACC-11088,SMB,Basic,40,2,55.05,19,1,0,null,May 2026,0,
ACC-11089,Mid-Market,Standard,61,12,$213.90,52,4,0,4,2026-01-15,0,
ACC-11090,SMB, Basic,35,7,58.24,null,1,3,10,Jan 2026,0,
ACC-11091,SMB,Premium,37,5,477.62,39,1,26,-,May 2027,0,
ACC-11092,Mid-Market,Standard,35,6,$169.19,39,0,37,5,12/25/2026,0,
ACC-11093,SMB,Standard,12,13,$230.98,23,1,19,8,09/24/2026,0,
ACC-11094,SMB,basic,29,2,$49.30,13,1,8,9,11-Aug-2026,0,
ACC-11095,SMB,Premium,23,76,1278.57,34,0,4,6,2027-03-27,0,
ACC-11096,SMB, Premium,34,5,$423.71,56,2,32,7,03-Jan-2027,0,
ACC-11097,SMB,Premium,26,42,695.91,61,2,4,8,2026-12-19,0,
ACC-11098, Mid-Market,Basic,9,22,83.45,14,6,30,8,03/03/2027,1,missing feature
ACC-11099,SMB,Premium,18,9,421.47,67,3,14,4,21-Mar-2027,0,
ACC-11100,Enterprise,Basic,48,4,47.55,11,3,63,6,18-Jan-2026,1,switched vendor
ACC-11101,SMB,Standard,39,9,$211.20,34,3,12,6,10-Jun-2027,0,
ACC-11102,Mid-Market,Premium,57,4,$496.88,75,0,77,10,2026-06-13,0,
ACC-11103,Enterprise,Enterprise,47,21,2009.03,27,1,11, ,2026-06-07,0,
ACC-11104,Enterprise,Standard,8,14,$215.71,71,0,4,6,19-Apr-2026,0,
ACC-11105,SMB ,Enterprise,1,3,"$1,280.49",1,6,9,null,17-May-2027,1,price
ACC-11106,Mid-Market,Basic,63,4,$48.32,9,6,6,6,2026-04-29,1,missing feature
ACC-11107,Mid-Market,Standard,26,8,186.30,9,5,2,10,04/19/2027,0,
ACC-11108,Mid-Market,Basic,36,10,52.46,0,2,51,7,2027-06-02,1,
ACC-11109,Mid-Market ,Standard,8,62,382.87,42,3,5,4,08/15/2026,0,
ACC-11110,Mid-Market,PREMIUM,21,1,$409.86,69,0,41,5,Jan 2027,1,missing feature
ACC-11111, SMB,Enterprise,51,2,1326.51,58,1,3,9,02/10/2026,0,
ACC-11112,Mid-Market,Premium,23,3,$432.64,61,1,33,8,Jan 2027,0,
ACC-11113,Mid-Market,Standard,16,31,$301.21,38,4,25,4,2026-12-25,0,
ACC-11114,Mid-Market,Standard,29,8,164.32,49,1,22,8,09-Feb-2026,0,
ACC-11115,Mid-Market,Standard,39,4, ,51,3,16,9,12/30/2026,0,
ACC-11116,SMB,Premium,22,2,$475.65,33,0,10,8,05/17/2027,1,
ACC-11117,Mid-Market,Premium,11,13,556.97,null,0,2,8,12/17/2026,0,
ACC-11118,Mid-Market ,Enterprise,35,10,1397.75,65,0,3,9,28-Nov-2026,0,
ACC-11119,SMB ,Basic,49,11,$66.54,23,0,1,7,24-Aug-2026,0,
ACC-11120,Enterprise,Basic,15,5,$61.17,24,0,1,7,2027-02-04,0,
ACC-11121,SMB,Enterprise,28,3,"$1,331.95",21,0,9,6,03/31/2026,0,
ACC-11122,Enterprise,STANDARD,1,5,$170.43,27,5,2,8,01/02/2027,0,
ACC-11123,Enterprise,Standard,25,13,217.59,33,0,26,9,2026-01-20,0,
ACC-11124,Mid-Market,Basic,1,9,$66.78,-,2,2,7,01/06/2026,0,
ACC-11125,Mid-Market,Premium,1,7,552.30,19,0,16,5,2027-06-14,0,
ACC-11126,SMB,Basic,34,18,73.71,9,2,39,2,06/06/2026,1,missing feature
ACC-11127,SMB,Standard,2,17,$211.53,54,7,31,null,2026-12-12,1,budget cut
ACC-11128,Mid-Market,Standard,21,19,254.08,11,1,21,n/a,12/25/2026,1,budget cut
ACC-11129,Mid-Market,Basic,53,24,78.28,14,1,3,9,05-Jan-2026,0,
ACC-11130,SMB,Standard ,28,22,242.85,32,2,3,6,08/14/2026,0,
ACC-11131,Mid-Market,Premium,24,29,$672.17,35,2,17,null,03/02/2027,0,
ACC-11132,Mid-Market,Basic,10,3,$62.47,32,0,14,3,11-Dec-2026,0,
ACC-11133,SMB,Basic,29,16,65.98,25,0,11,8,2026-07-09,0,
ACC-11134,smb,Premium,22,16,640.33,60,3,16,6,06/17/2026,0,
ACC-11135,SMB,Premium,27,3,$456.97,38,3,34,4,2026-10-06,1,price
ACC-11136,Enterprise ,Standard,37,6, ,47,0,4,7,2026-03-21,0,
ACC-11137,SMB,Standard,23,20,$245.36, ,2,46,9,2026-03-03,0,
ACC-11138,SMB,Enterprise,18,17,"$1,456.05",72,1,23,8,2027-02-10,0,
ACC-11139,SMB,Basic,24,10,52.51,19,4,8,n/a,2026-06-28,0,
ACC-11140,Mid-Market,Enterprise,23,30,2175.50,24,2,6,8,2027-03-25,0,
ACC-11141,SMB,Premium,41,24,588.53,46,1,17,,12-Jun-2026,0,
ACC-11142,SMB,Basic,15,49,106.73,11,2,20,8,2027-01-22,0,
ACC-11143,Mid-Market,Basic,27,8,$58.43,11,0,4,7,2026-04-05,0,
ACC-11144,smb,Standard,19,9,180.29,24,2,0,8,2026-05-31,0,
ACC-11145,SMB,Basic,40,2,55.70,13,3,30,-,04-Oct-2026,0,
ACC-11146,SMB,ENTERPRISE,17,5,"$1,477.51",37,0,3,3,22-Aug-2026,0,
ACC-11147,SMB,Premium,17,28,719.19,44,3,49,8,27-May-2026,0,
ACC-11148,SMB,Enterprise,13,43,"$2,763.03",n/a,1,2,3,23-Aug-2026,0,
ACC-11149,Mid-Market,Enterprise,54,72,2972.31,25,3,10,5,10/22/2026,0,
ACC-11150,Mid-Market,Premium,27,7,-,33,0,42,2,06/15/2027,1,missing feature
ACC-11151,Mid-Market,Basic,23,5,$48.04,12,3,9,8,02-Feb-2026,0,
ACC-11152,SMB,Enterprise ,19,9,1549.96,70,1,5,7,Jul 2026,0,
ACC-11153,SMB,Standard,36,5,165.01,21,0,3,8,01-Dec-2026,0,
ACC-11154,Enterprise,Basic,29,1,n/a,15,0,1,8,2026-01-10,0,
ACC-11155,Mid-Market,Basic,46,10,71.19,12,4,7,7,2026-07-07,0,
ACC-11156,Mid-Market,Standard,17,9,183.16,0,0,6,n/a,06/23/2027,0,
ACC-11157,SMB,Standard,22,26,236.37,34,0,18,10,11-Jul-2026,0,
ACC-11158,SMB,Basic ,20,24,$89.75,15,0,13,,12/07/2026,1,price
ACC-11159,SMB,Basic,4,6,$50.81,25,0,27,6,06/04/2027,1,missing feature
ACC-11160,Mid-Market,Standard,45,12,198.69,45,2,19,5,04/20/2027,0,
ACC-11161,Mid-Market,Standard,49,10,197.41,34,0,20,6,05-May-2027,0,
ACC-11162,SMB,basic,22,2,53.57,15,0,11,7,06/09/2026,0,
ACC-11163,Mid-Market,Standard ,15,3,$138.80,40,0,4,7,Dec 2026,0,
ACC-11164,Mid-Market,Premium,1,8,447.59,60,0,10,4,Jan 2027,0,
ACC-11165,SMB,Standard,29,4,$191.13,30,0,20,7,Feb 2027,0,
ACC-11166,Mid-Market,Basic,30,2,59.17,15,1,2,7,10-Apr-2026,0,
ACC-11167,SMB,Standard,40,43,$332.55,59,4,15,8,05/28/2027,0,
ACC-11168,SMB,Standard,50,3,$137.77,18,1,0,3,Apr 2026,0,
ACC-11169,Mid-Market,Enterprise,23,16,"$1,508.72",32,0,0,-,31-Mar-2026,0,
ACC-11170, SMB,Standard,22,13,235.13,43,0,32,-,11/13/2026,0,
ACC-11171,SMB,Standard,13,8,192.33,54,6,12,8,2026-02-26,1,budget cut
ACC-11172,SMB,Basic,15,15,$80.47,16,3,1,,2027-01-17,0,
ACC-11173,SMB,Standard,5,13,172.88,40,0,26,5,Feb 2026,0,
ACC-11174,Mid-Market,Enterprise,44,60,3019.31,56,2,23,7,Feb 2026,0,
ACC-11175,Mid-Market,Basic,27,20,$66.01,9,1,32,5,07/13/2026,1,budget cut
ACC-11176,Mid-Market,Standard,8,42,309.69,13,0,38,n/a,Mar 2027,0,
ACC-11177,SMB,Basic,18,2,$56.02, ,3,1,6,2026-12-15,1,
ACC-11178,Enterprise,Premium,16,31,$654.38,47,2,26,7,11-Feb-2027,0,
ACC-11179,SMB,Basic,53,3,54.88,19,0,6,4,2027-05-22,0,
ACC-11180,Mid-Market,Standard,32,6,161.61,23,1,9,6,20-Feb-2026,0,
ACC-11181,SMB,Standard,44,5,154.07,0,1,3,5,03/24/2026,1,price
ACC-11182,Enterprise,Premium,22,6,400.43,32,0,12,9,Apr 2026,0,
ACC-11183,SMB,ENTERPRISE,19,2,"$1,087.16",50,2,48,1,2027-06-02,0,
ACC-11184,Mid-Market,Basic,39,8,$51.71,21,0,7,8,07/03/2026,0,
ACC-11185,Mid-Market,Basic,36,24,90.59,20,0,9,9,04-Mar-2026,0,
ACC-11186,SMB,Premium,22,10,$427.25,13,2,10,10,09/29/2026,0,
ACC-11187,SMB,Basic,2,11,70.65,18,0,0,3,Apr 2027,1,missing feature
ACC-11188,Enterprise,Basic,35,10,72.45,20,0,15,7,Jul 2026,1,price
ACC-11189,SMB,Standard,27,20,218.46,22,3,8,8,28-Aug-2026,1,price
ACC-11190,SMB,Basic,22,21,79.43,0,2,28,n/a,2026-08-23,1,switched vendor
ACC-11191,SMB,Premium,17,13,458.33,38,0,34,10,2026-08-18,0,
ACC-11192,Enterprise,Premium,56,12,$515.06,64,8,1,7,06/13/2027,0,
ACC-11193,SMB,Standard,33,13,171.02,54,1,0,n/a,2026-07-21,0,
ACC-11194,SMB,Basic,32,33,$94.89,11,4,1,3,04/15/2027,1,price
ACC-11195,SMB,Enterprise,69,5,1474.51,54,0,6,-,06/20/2027,0,
ACC-11196,Mid-Market,Standard,42,7,$188.99,77,0,6,6,2026-08-07,0,
ACC-11197,SMB,Premium,7,28,$802.10,18,0,73,9,09/19/2026,0,
ACC-11198,Enterprise,Enterprise,36,1,-,0,4,29,,02-May-2027,0,
ACC-11199,SMB,Standard,43,14,$221.29,76,0,50, ,2026-11-30,0,
